end,AccountsPayableCurrent__USD(millions),AccruedIncomeTaxesCurrent__USD(millions),AccruedLiabilitiesCurrent__USD(millions),AccumulatedDepreciationDepletionAndAmortizationPropertyPlantAndEquipment__USD(millions),AccumulatedOtherComprehensiveIncomeLossForeignCurrencyTranslationAdjustmentNetOfTax__USD(millions),AccumulatedOtherComprehensiveIncomeLossNetOfTax__USD(millions),AdditionalPaidInCapital__USD(millions),AdjustmentsRelatedToTaxWithholdingForShareBasedCompensation__USD(millions),AdjustmentsToAdditionalPaidInCapitalSharebasedCompensationRequisiteServicePeriodRecognitionValue__USD(millions),AdvertisingExpense__USD(millions),AmortizationOfLeaseIncentives__USD(millions),AntidilutiveSecuritiesExcludedFromComputationOfEarningsPerShareAmount__shares(millions),AssetImpairmentCharges__USD(millions),AssetsCurrent__USD(millions),Assets__USD(millions),BusinessCombinationAcquisitionRelatedCosts__USD(millions),BusinessExitCosts__USD(millions),CapitalExpendituresIncurredButNotYetPaid__USD(millions),CapitalLeaseObligations__USD(millions),CashAndCashEquivalentsAtCarryingValue__USD(millions),CashAndCashEquivalentsPeriodIncreaseDecrease__USD(millions),CashCashEquivalentsRestrictedCashAndRestrictedCashEquivalentsPeriodIncreaseDecreaseIncludingExchangeRateEffect__USD(millions),CashCashEquivalentsRestrictedCashAndRestrictedCashEquivalents__USD(millions),CashFlowHedgeDerivativeInstrumentAssetsAtFairValue__USD(millions),CashFlowHedgeDerivativeInstrumentLiabilitiesAtFairValue__USD(millions),CashFlowHedgeGainLossReclassifiedToCostOfSalesNet__USD(millions),CashFlowHedgesDerivativeInstrumentsAtFairValueNet__USD(millions),CashSurrenderValueOfLifeInsurance__USD(millions),CommonStockDividendsPerShareCashPaid__USD/shares(millions),CommonStockDividendsPerShareDeclared__USD/shares(millions),CommonStockParOrStatedValuePerShare__USD/shares(millions),CommonStockSharesAuthorized__shares(millions),CommonStockSharesIssued__shares(millions),CommonStockSharesOutstanding__shares(millions),CommonStockValue__USD(millions),ComprehensiveIncomeNetOfTax__USD(millions),ContractWithCustomerLiabilityCurrent__USD(millions),CumulativeEffectOnRetainedEarningsNetOfTax1__USD(millions),CurrentFederalTaxExpenseBenefit__USD(millions),CurrentForeignTaxExpenseBenefit__USD(millions),CurrentIncomeTaxExpenseBenefit__USD(millions),CurrentStateAndLocalTaxExpenseBenefit__USD(millions),DebtAndCapitalLeaseObligations__USD(millions),DebtCurrent__USD(millions),DebtInstrumentBasisSpreadOnVariableRate1__pure,DeferredFederalIncomeTaxExpenseBenefit__USD(millions),DeferredForeignIncomeTaxExpenseBenefit__USD(millions),DeferredIncomeTaxAssetsNet__USD(millions),DeferredIncomeTaxExpenseBenefit__USD(millions),DeferredRevenueAndCreditsCurrent__USD(millions),DeferredStateAndLocalIncomeTaxExpenseBenefit__USD(millions),DeferredTaxAssetsInventory__USD(millions),DeferredTaxAssetsLiabilitiesNet__USD(millions),DeferredTaxAssetsNetCurrent__USD(millions),DeferredTaxAssetsNetNoncurrent__USD(millions),DeferredTaxAssetsNet__USD(millions),DeferredTaxAssetsOperatingLossCarryforwards__USD(millions),DeferredTaxAssetsOther__USD(millions),DeferredTaxAssetsStateTaxes__USD(millions),DeferredTaxAssetsTaxDeferredExpenseCompensationAndBenefitsEmployeeBenefits__USD(millions),DeferredTaxAssetsTaxDeferredExpenseCompensationAndBenefitsEmployeeCompensation__USD(millions),DeferredTaxAssetsTaxDeferredExpenseCompensationAndBenefitsShareBasedCompensationCost__USD(millions),DeferredTaxAssetsTaxDeferredExpenseReservesAndAccrualsAccruedLiabilities__USD(millions),DeferredTaxAssetsTaxDeferredExpenseReservesAndAccrualsDeferredRent__USD(millions),DeferredTaxAssetsValuationAllowance__USD(millions),DeferredTaxLiabilitiesLeasingArrangements__USD(millions),DeferredTaxLiabilitiesNoncurrent__USD(millions),DeferredTaxLiabilitiesOther__USD(millions),DeferredTaxLiabilitiesPrepaidExpenses__USD(millions),DeferredTaxLiabilitiesPropertyPlantAndEquipment__USD(millions),DeferredTaxLiabilitiesUndistributedForeignEarnings__USD(millions),DefinedBenefitPlanContributionsByEmployer__USD(millions),DefinedContributionPlanEmployerMatchingContributionPercentOfMatch__pure,DefinedContributionPlanEmployerMatchingContributionPercent__pure,DefinedContributionPlanMaximumAnnualContributionsPerEmployeePercent__pure,DepreciationDepletionAndAmortization__USD(millions),DerivativeInstrumentsGainLossReclassifiedFromAccumulatedOCIIntoIncomeEffectivePortionNet__USD(millions),DerivativeInstrumentsGainLossRecognizedInIncomeIneffectivePortionAndAmountExcludedFromEffectivenessTestingNet__USD(millions),DerivativeInstrumentsGainLossRecognizedInOtherComprehensiveIncomeEffectivePortionNet__USD(millions),DerivativeInstrumentsNotDesignatedAsHedgingInstrumentsAssetAtFairValue__USD(millions),DilutiveSecurities__USD(millions),DividendsCommonStockCash__USD(millions),EarningsPerShareBasic__USD/shares(millions),EarningsPerShareDiluted__USD/shares(millions),EffectOfExchangeRateOnCashAndCashEquivalents__USD(millions),EffectOfExchangeRateOnCashCashEquivalentsRestrictedCashAndRestrictedCashEquivalents__USD(millions),EffectiveIncomeTaxRateContinuingOperations__pure,EffectiveIncomeTaxRateReconciliationAtFederalStatutoryIncomeTaxRate__pure,EffectiveIncomeTaxRateReconciliationChangeInEnactedTaxRate__pure,EffectiveIncomeTaxRateReconciliationNondeductibleExpenseShareBasedCompensationCost__pure,EffectiveIncomeTaxRateReconciliationOtherAdjustments__pure,EffectiveIncomeTaxRateReconciliationStateAndLocalIncomeTaxes__pure,EffectiveIncomeTaxRateReconciliationTaxCreditsResearch__pure,EffectiveIncomeTaxRateReconciliationTaxCredits__pure,EmployeeBenefitsAndShareBasedCompensation__USD(millions),EmployeeServiceShareBasedCompensationNonvestedAwardsTotalCompensationCostNotYetRecognizedPeriodForRecognition__pure,EmployeeServiceShareBasedCompensationNonvestedAwardsTotalCompensationCostNotYetRecognized__USD(millions),EmployeeServiceShareBasedCompensationTaxBenefitFromCompensationExpense__USD(millions),EmployeeServiceShareBasedCompensationTaxBenefitRealizedFromExerciseOfStockOptions__USD(millions),EntityWideDisclosureOnGeographicAreasLongLivedAssetsInForeignCountries__USD(millions),EntityWideDisclosureOnGeographicAreasRevenueFromExternalCustomersAttributedToForeignCountries__USD(millions),ExcessTaxBenefitFromShareBasedCompensationFinancingActivities__USD(millions),ExcessTaxBenefitFromShareBasedCompensationOperatingActivities__USD(millions),ExciseAndSalesTaxes__USD(millions),FairValueMeasurementWithUnobservableInputsReconciliationRecurringBasisLiabilityTransfersNet__USD(millions),ForeignCurrencyCashFlowHedgeGainLossToBeReclassifiedDuringNext12Months__USD(millions),GainLossOnCashFlowHedgeIneffectivenessNet__USD(millions),GainLossOnContractTermination__USD(millions),GainLossOnSaleOfPropertyPlantEquipment__USD(millions),GainLossOnSalesOfAssetsAndAssetImpairmentCharges__USD(millions),GainLossRelatedToLitigationSettlement__USD(millions),GoodwillImpairmentLoss__USD(millions),Goodwill__USD(millions),GrossProfit__USD(millions),IncomeLossFromContinuingOperationsBeforeIncomeTaxesDomestic__USD(millions),IncomeLossFromContinuingOperationsBeforeIncomeTaxesExtraordinaryItemsNoncontrollingInterest__USD(millions),IncomeLossFromContinuingOperationsBeforeIncomeTaxesForeign__USD(millions),IncomeLossFromContinuingOperationsBeforeIncomeTaxesMinorityInterestAndIncomeLossFromEquityMethodInvestments__USD(millions),IncomeLossFromEquityMethodInvestments__USD(millions),IncomeTaxExpenseBenefit__USD(millions),IncomeTaxReconciliationIncomeTaxExpenseBenefitAtFederalStatutoryIncomeTaxRate__USD(millions),IncomeTaxesPaidNet__USD(millions),IncreaseDecreaseInAccountsAndOtherReceivables__USD(millions),IncreaseDecreaseInAccountsPayable__USD(millions),IncreaseDecreaseInAccruedIncomeTaxesPayable__USD(millions),IncreaseDecreaseInAccruedLiabilitiesAndOtherOperatingLiabilities__USD(millions),IncreaseDecreaseInAccruedLiabilities__USD(millions),IncreaseDecreaseInDeferredRevenue__USD(millions),IncreaseDecreaseInInventories__USD(millions),IncreaseDecreaseInOperatingLeaseLiability__USD(millions),IncreaseDecreaseInOtherOperatingAssets__USD(millions),IncreaseDecreaseInPrepaidAdvertising__USD(millions),IncreaseDecreaseInPrepaidDeferredExpenseAndOtherAssets__USD(millions),IncreaseDecreaseInRestrictedCash__USD(millions),IncrementalCommonSharesAttributableToShareBasedPaymentArrangements__shares(millions),InterestCostsCapitalized__USD(millions),InterestIncomeExpenseNonoperatingNet__USD(millions),InterestPaidNet__USD(millions),InterestPaid__USD(millions),InventoryNet__USD(millions),InventoryValuationReserves__USD(millions),LeaseCost__USD(millions),LesseeOperatingLeaseLiabilityPaymentsDueAfterYearFive__USD(millions),LesseeOperatingLeaseLiabilityPaymentsDueNextTwelveMonths__USD(millions),LesseeOperatingLeaseLiabilityPaymentsDueYearFive__USD(millions),LesseeOperatingLeaseLiabilityPaymentsDueYearFour__USD(millions),LesseeOperatingLeaseLiabilityPaymentsDueYearThree__USD(millions),LesseeOperatingLeaseLiabilityPaymentsDueYearTwo__USD(millions),LesseeOperatingLeaseLiabilityPaymentsDue__USD(millions),LesseeOperatingLeaseLiabilityUndiscountedExcessAmount__USD(millions),LettersOfCreditOutstandingAmount__USD(millions),LiabilitiesAndStockholdersEquity__USD(millions),LiabilitiesCurrent__USD(millions),Liabilities__USD(millions),LineOfCreditFacilityAmountOutstanding__USD(millions),LineOfCreditFacilityMaximumAmountOutstandingDuringPeriod__USD(millions),LineOfCredit__USD(millions),LinesOfCreditCurrent__USD(millions),LongTermDebtAndCapitalLeaseObligations__USD(millions),LongTermDebtCurrent__USD(millions),LongTermDebtMaturitiesRepaymentsOfPrincipalInNextTwelveMonths__USD(millions),LongTermDebtMaturitiesRepaymentsOfPrincipalInYearFour__USD(millions),LongTermDebtMaturitiesRepaymentsOfPrincipalInYearThree__USD(millions),LongTermDebtMaturitiesRepaymentsOfPrincipalInYearTwo__USD(millions),LongTermDebtNoncurrent__USD(millions),LongTermDebt__USD(millions),NetCashProvidedByUsedInFinancingActivitiesContinuingOperations__USD(millions),NetCashProvidedByUsedInFinancingActivities__USD(millions),NetCashProvidedByUsedInInvestingActivitiesContinuingOperations__USD(millions),NetCashProvidedByUsedInInvestingActivities__USD(millions),NetCashProvidedByUsedInOperatingActivitiesContinuingOperations__USD(millions),NetCashProvidedByUsedInOperatingActivities__USD(millions),NetIncomeLossAvailableToCommonStockholdersBasic__USD(millions),NetIncomeLossAvailableToCommonStockholdersDiluted__USD(millions),NetIncomeLoss__USD(millions),NewAccountingPronouncementOrChangeInAccountingPrincipleEffectOfAdoptionQuantification__USD(millions),NewAccountingPronouncementOrChangeInAccountingPrincipleEffectOfChangeOnNetIncome__USD(millions),NumberOfOperatingSegments__segment,NumberOfReportableSegments__Reportable_segment,NumberOfReportableSegments__Segment,NumberOfReportableSegments__segment,NumberOfStatesInWhichEntityOperates__State,NumberOfStatesInWhichEntityOperates__pure,NumberOfStores__Store,NumberOfStores__pure,OperatingIncomeLoss__USD(millions),OperatingLeaseCost__USD(millions),OperatingLeaseImpairmentLoss__USD(millions),OperatingLeaseLiabilityCurrent__USD(millions),OperatingLeaseLiabilityNoncurrent__USD(millions),OperatingLeaseLiability__USD(millions),OperatingLeasePayments__USD(millions),OperatingLeaseRightOfUseAssetAmortizationExpense__USD(millions),OperatingLeaseRightOfUseAsset__USD(millions),OperatingLeaseWeightedAverageDiscountRatePercent__pure,OperatingLeasesFutureMinimumPaymentsDueCurrent__USD(millions),OperatingLeasesFutureMinimumPaymentsDueInFiveYears__USD(millions),OperatingLeasesFutureMinimumPaymentsDueInFourYears__USD(millions),OperatingLeasesFutureMinimumPaymentsDueInThreeYears__USD(millions),OperatingLeasesFutureMinimumPaymentsDueInTwoYears__USD(millions),OperatingLeasesFutureMinimumPaymentsDueThereafter__USD(millions),OperatingLeasesFutureMinimumPaymentsDue__USD(millions),OperatingLeasesFutureMinimumPaymentsRemainderOfFiscalYear__USD(millions),OperatingLeasesRentExpenseContingentRentals__USD(millions),OperatingLeasesRentExpenseNet__USD(millions),OperatingLeasesRentExpenseSubleaseRentals1__USD(millions),OtherAssetsCurrent__USD(millions),OtherAssetsNoncurrent__USD(millions),OtherComprehensiveIncomeForeignCurrencyTransactionAndTranslationAdjustmentNetOfTaxPeriodIncreaseDecrease__USD(millions),OtherComprehensiveIncomeLossCashFlowHedgeGainLossBeforeReclassificationAfterTax__USD(millions),OtherComprehensiveIncomeLossCashFlowHedgeGainLossBeforeReclassificationTax__USD(millions),OtherComprehensiveIncomeLossCashFlowHedgeGainLossReclassificationAfterTax__USD(millions),OtherComprehensiveIncomeLossCashFlowHedgeGainLossReclassificationTax__USD(millions),OtherComprehensiveIncomeLossDerivativesQualifyingAsHedgesNetOfTax__USD(millions),OtherComprehensiveIncomeLossForeignCurrencyTransactionAndTranslationAdjustmentNetOfTax__USD(millions),OtherComprehensiveIncomeLossNetOfTaxPeriodIncreaseDecrease__USD(millions),OtherComprehensiveIncomeLossNetOfTaxPortionAttributableToParent__USD(millions),OtherComprehensiveIncomeLossReclassificationAdjustmentFromAOCIOnDerivativesNetOfTax__USD(millions),OtherComprehensiveIncomeLossReclassificationAdjustmentFromAOCIOnDerivativesTax__USD(millions),OtherComprehensiveIncomeUnrealizedGainLossOnDerivativesArisingDuringPeriodBeforeTax__USD(millions),OtherComprehensiveIncomeUnrealizedGainLossOnDerivativesArisingDuringPeriodNetOfTax__USD(millions),OtherComprehensiveIncomeUnrealizedGainLossOnDerivativesArisingDuringPeriodTax__USD(millions),OtherComprehensiveIncomeUnrealizedHoldingGainLossOnSecuritiesArisingDuringPeriodNetOfTax__USD(millions),OtherDeferredCompensationArrangementsLiabilityClassifiedNoncurrent__USD(millions),OtherDerivativesNotDesignatedAsHedgingInstrumentsAtFairValueNet__USD(millions),OtherDerivativesNotDesignatedAsHedgingInstrumentsLiabilitiesAtFairValue__USD(millions),OtherLiabilitiesCurrent__USD(millions),OtherLiabilitiesNoncurrent__USD(millions),OtherNoncashIncomeExpense__USD(millions),PaymentsForOtherOperatingActivities__USD(millions),PaymentsForProceedsFromOtherInvestingActivities__USD(millions),PaymentsForRepurchaseOfCommonStock__USD(millions),PaymentsOfDebtIssuanceCosts__USD(millions),PaymentsOfDividendsCommonStock__USD(millions),PaymentsOfDividends__USD(millions),PaymentsRelatedToTaxWithholdingForShareBasedCompensation__USD(millions),PaymentsToAcquireBusinessesNetOfCashAcquired__USD(millions),PaymentsToAcquirePropertyPlantAndEquipment__USD(millions),PreferredStockParOrStatedValuePerShare__USD/shares(millions),PreferredStockSharesAuthorized__shares(millions),PreferredStockSharesIssued__shares,PreferredStockValue__USD(millions),PrepaidAdvertising__USD(millions),PrepaidExpenseCurrent__USD(millions),ProceedsFromInsuranceSettlementInvestingActivities__USD(millions),ProceedsFromIssuanceOfLongTermDebt__USD(millions),ProceedsFromLinesOfCredit__USD(millions),ProceedsFromPaymentsForOtherFinancingActivities__USD(millions),ProceedsFromSaleOfPropertyPlantAndEquipment__USD(millions),ProceedsFromStockOptionsExercised__USD(millions),ProfitLoss__USD(millions),PropertyPlantAndEquipmentGross__USD(millions),PropertyPlantAndEquipmentNet__USD(millions),ReceivablesNetCurrent__USD(millions),ReclassificationFromAociCurrentPeriodNetOfTaxAttributableToParent__USD(millions),RepaymentsOfLinesOfCredit__USD(millions),RepaymentsOfLongTermDebt__USD(millions),RestrictedCashAndCashEquivalentsAtCarryingValue__USD(millions),RetainedEarningsAccumulatedDeficit__USD(millions),RevenueFromContractWithCustomerExcludingAssessedTax__USD(millions),RightOfUseAssetObtainedInExchangeForOperatingLeaseLiability__USD(millions),SalesRevenueNet__USD(millions),SelfInsuranceReserve__USD(millions),SellingGeneralAndAdministrativeExpense__USD(millions),SeveranceCosts1__USD(millions),ShareBasedCompensationArrangementByShareBasedPaymentAwardEquityInstrumentsOtherThanOptionsGrantsInPeriodWeightedAverageGrantDateFairValue__USD/shares(millions),ShareBasedCompensationArrangementByShareBasedPaymentAwardEquityInstrumentsOtherThanOptionsVestedInPeriodTotalFairValue__USD(millions),ShareBasedCompensationArrangementByShareBasedPaymentAwardEquityInstrumentsOtherThanOptionsVestedInPeriod__shares(millions),ShareBasedCompensationArrangementByShareBasedPaymentAwardFairValueAssumptionsExpectedDividendRate__pure,ShareBasedCompensationArrangementByShareBasedPaymentAwardFairValueAssumptionsExpectedTerm__years,ShareBasedCompensationArrangementByShareBasedPaymentAwardFairValueAssumptionsExpectedVolatilityRate__pure,ShareBasedCompensationArrangementByShareBasedPaymentAwardFairValueAssumptionsRiskFreeInterestRate__pure,ShareBasedCompensationArrangementByShareBasedPaymentAwardOptionsExercisesInPeriodTotalIntrinsicValue__USD(millions),ShareBasedCompensationArrangementByShareBasedPaymentAwardOptionsExercisesInPeriodWeightedAverageExercisePrice__USD(millions),ShareBasedCompensationArrangementByShareBasedPaymentAwardOptionsForfeituresAndExpirationsInPeriodWeightedAverageExercisePrice__USD/shares(millions),ShareBasedCompensationArrangementByShareBasedPaymentAwardOptionsForfeituresAndExpirationsInPeriod__shares(millions),ShareBasedCompensationArrangementByShareBasedPaymentAwardOptionsGrantsInPeriodGross__shares,ShareBasedCompensationArrangementByShareBasedPaymentAwardOptionsGrantsInPeriodWeightedAverageExercisePrice__USD(millions),ShareBasedCompensationArrangementByShareBasedPaymentAwardOptionsOutstandingIntrinsicValue__USD(millions),ShareBasedCompensationArrangementByShareBasedPaymentAwardOptionsOutstandingNumber__shares(millions),ShareBasedCompensationArrangementByShareBasedPaymentAwardOptionsOutstandingWeightedAverageExercisePrice__USD/shares(millions),ShareBasedCompensationArrangementsByShareBasedPaymentAwardOptionsExercisesInPeriodWeightedAverageExercisePrice__USD/shares(millions),ShareBasedCompensationArrangementsByShareBasedPaymentAwardOptionsGrantsInPeriodWeightedAverageExercisePrice__USD/shares(millions),ShareBasedCompensation__USD(millions),SharebasedCompensationArrangementBySharebasedPaymentAwardEquityInstrumentsOtherThanOptionsAggregateIntrinsicValueOutstanding__USD(millions),SharebasedCompensationArrangementBySharebasedPaymentAwardOptionsOutstandingWeightedAverageRemainingContractualTerm1__pure,SignificantChangeInUnrecognizedTaxBenefitsIsReasonablyPossibleEstimatedRangeOfChangeLowerBound__USD(millions),SignificantChangeInUnrecognizedTaxBenefitsIsReasonablyPossibleEstimatedRangeOfChangeUpperBound__USD(millions),StockIssuedDuringPeriodSharesStockOptionsExercised__shares(millions),StockIssuedDuringPeriodValueShareBasedCompensation__USD(millions),StockIssuedDuringPeriodValueStockOptionsExercisedNetOfTaxBenefitExpense__USD(millions),StockIssuedDuringPeriodValueTreasuryStockReissued__USD(millions),StockRepurchaseProgramAuthorizedAmount1__USD(millions),StockRepurchaseProgramAuthorizedAmount__USD(millions),StockRepurchaseProgramRemainingAuthorizedRepurchaseAmount1__USD(millions),StockRepurchaseProgramRemainingAuthorizedRepurchaseAmount__USD(millions),StockRepurchasedAndRetiredDuringPeriodShares__shares(millions),StockRepurchasedAndRetiredDuringPeriodValue__USD(millions),StockRepurchasedDuringPeriodValue__USD(millions),StockholdersEquity__USD(millions),TangibleAssetImpairmentCharges__USD(millions),TaxCutsAndJobsActOf2017IncomeTaxExpenseBenefit__USD(millions),TreasuryStockAcquiredAverageCostPerShare__USD/shares(millions),TreasuryStockCommonShares__shares(millions),TreasuryStockCommonValue__USD(millions),TreasuryStockShares__shares(millions),TreasuryStockValueAcquiredCostMethod__USD(millions),TreasuryStockValue__USD(millions),UndistributedEarningsOfForeignSubsidiaries__USD(millions),UnrealizedGainLossOnCashFlowHedgingInstruments__USD(millions),UnrecognizedTaxBenefitsDecreasesResultingFromPriorPeriodTaxPositions__USD(millions),UnrecognizedTaxBenefitsDecreasesResultingFromSettlementsWithTaxingAuthorities__USD(millions),UnrecognizedTaxBenefitsIncomeTaxPenaltiesAndInterestAccrued__USD(millions),UnrecognizedTaxBenefitsIncreasesResultingFromCurrentPeriodTaxPositions__USD(millions),UnrecognizedTaxBenefitsIncreasesResultingFromPriorPeriodTaxPositions__USD(millions),UnrecognizedTaxBenefitsInterestOnIncomeTaxesAccrued__USD(millions),UnrecognizedTaxBenefitsReductionsResultingFromLapseOfApplicableStatuteOfLimitations__USD(millions),UnrecognizedTaxBenefitsThatWouldImpactEffectiveTaxRate__USD(millions),UnrecognizedTaxBenefits__USD(millions),VariableLeaseCost__USD(millions),WeightedAverageNumberOfDilutedSharesOutstanding__shares(millions),WeightedAverageNumberOfSharesOutstandingBasic__shares(millions)
2010-01-31,188.241,48.26,107.71,,10.387,,448.848,-3.621,24.989,264.963,,2.684,30.533,1180.193,2079.169,,7.58,,,513.943,365.121,,,,,,,,,,1e-08,253.125,106.962,106.962,1.07,,,,55.563,2.757,66.442,8.122,,1.587,,-21.636,0.321,,-23.595,195.185,-2.28,,,92.195,53.809,,,,,,,,,,,,,,,,,4.477,,,,151.796,,,,,,51.424,7.3e-07,7.2e-07,1.131,,0.356,0.35,,,-0.018,0.024,,,,,,,5.981,29.6,84.2,2.131,,,,,,,-2.603,,1.9,,,1103.237,111.689,,8.6,120.289,,42.847,,-8.593,6.62,29.202,48.285,,42.084,2.353,-108.332,,-23.349,,,0.0,1.61,1.763,,,3.198,466.124,,,,,,,,,,,,2079.169,563.482,867.574,,,,,8.672,,,,,,,,,-55.498,,-71.23,,490.718,77.442,77.442,77.442,,,,,,,,,,,121.442,,,,,,,,,,,,,,,,,,33.994,186.273,0.326,8.858,16.14,4.876,,,,,,,,,,,,,,0.002,,,,22.499,54.12,0.0,0.0,0.0,0.0,,,51.132,,0.0,72.263,1e-08,7.5,0.0,0.0,32.777,22.109,0.0,,,-0.035,1.033,11.861,,,829.027,44.187,,0.0,14.702,0.0,751.29,,,3102.704,,981.795,,,,,0.023,5.1,0.56,0.024,,,,,,,,,,,,24.989,,,,,,,11.347,,,,,,,,,1211.595,,,,,,,,,,,0.179,0.329,,1.029,0.655,,1.553,10.594,15.866,,107.373,105.763
2010-05-02,177.938,4.278,78.093,,12.082,,460.713,,,,,,2.032,1129.466,1996.76,,,,,404.853,-109.09,,,,,,,,,,1e-08,253.125,107.931,107.931,1.079,,,,,,,,,1.587,,,,,-3.582,186.066,,,,92.287,50.228,,,,,,,,,,,,,,,,,,,,,39.002,,,,,,,1.8e-07,1.8e-07,0.017,,,,,,,,,,3.3,,,,,,,2.836,,,,,,,-0.275,,,,,270.558,,,,32.333,,12.795,,,-9.688,-5.832,-43.982,,-26.026,-9.418,35.66,,15.201,,,12.5,,,,,,502.387,,,,,,,,,,,,1996.76,470.983,766.365,,,,,8.642,,,,,,,,,-8.893,,-29.908,,-70.306,,,19.538,,,,,,,,,,,32.461,,,,,,,,,,,,,,,,,,,,,7.938,16.103,,,,,,,,,,,,,,,,,,,23.021,57.948,,,-0.023,0.0,,,12.901,,,17.431,1e-08,7.5,0.0,0.0,36.773,38.147,,,,,,8.487,,,800.963,34.581,,,0.03,12.5,756.521,,,717.637,,238.097,,,,,,,,,,,,,,,,,,,,8.756,,,,,,,,,,,,,,,,1230.395,,,,,,,,,,,,,,,,,,,,,109.639,107.129
2010-08-01,184.135,17.507,83.188,,11.196,,462.106,,,,,1.995,,1156.972,1995.493,,-0.4,,,404.037,,,,,,,,,,,1e-08,253.125,106.483,106.483,1.065,,,,,,,,,1.714,,,,,,190.347,,,,92.241,52.129,,,,,,,,,,,,,,,,,,,,,34.88,,,,,,,2.9e-07,2.8e-07,,,,,,,,,,,1.0,,,,,28.1,25.2,,,,,,,,,,,,,286.727,,,,51.074,,20.315,,,,,,,,,,,,,,,2.556,,,,,518.623,,,,,,,,,,,,1995.493,502.17,788.836,0.0,0.0,,,7.197,,,,,,,,,,,,,,30.759,30.759,30.759,,,,,,,,,,,51.197,,,,,,,,,,,,,,,,,,,,,7.718,14.757,-0.885,,,,,,,29.874,,,,,,,,,,,25.279,58.383,,,,,,,,,,13.458,1e-08,7.5,0.0,0.0,41.798,42.165,,,,,,,,,771.635,37.888,,,,12.502,732.29,,,775.554,,235.53,,,,,,,,,,,,,,,,,,,,6.513,,,,,,,,,,,,,,,,1206.657,,,,,,,,,,,,,,,,,,,,,110.224,107.668
2010-10-31,202.888,39.025,94.033,,11.898,,465.937,,,,,1.576,,1216.243,2035.172,,,,,389.627,,,,,,,,,,,1e-08,253.125,105.422,105.422,1.054,,,,,,,,,1.714,,,,,,196.353,,,,92.265,51.517,,,,,,,,,,,,,,,,,,,,,34.623,,,,,,,3.4000000000000003e-07,3.4000000000000003e-07,,,,,,,,,,,,,,,,27.4,28.2,,,,,,,,,,,,,311.281,,,,56.084,,19.554,,,,,,,,,,,,,,,2.756,,,,,586.256,,,,,,,,,,,,2035.172,557.489,835.884,0.0,0.0,,,7.165,,,,,,,,,,,,,,36.53,36.53,36.53,,,,,,,,,,,56.162,,,,,,,,,,,,,,,,,,,,,9.012,17.173,0.702,,,,,,,37.232,,,,,,,,,,,23.476,58.927,,,,,,,,,,15.533,1e-08,7.5,0.0,0.0,46.767,37.887,,,,,,,,,750.239,41.922,,,,12.507,720.399,,,815.516,,255.119,,,,,,,,,,,,,,,,,,,,6.213,,,,,,,,,,,,,,,,1199.288,,,,,,,,,,,,,,,,,,,,,108.908,106.152
2011-01-30,227.963,41.997,122.44,1127.493,12.99,,466.885,17.918,26.63,293.623,,1.488,5.453,1347.594,2131.762,,-0.4,,0.334,628.403,114.46,,,,,,,12.939,,5.8e-07,1e-08,253.125,104.888,104.888,1.049,202.83,,,79.719,3.972,99.267,15.576,,1.542,,20.429,0.09,,23.566,192.45,3.047,,,85.612,32.646,118.258,,,,,,,,,,,,,,,,4.247,,,,144.63,,,,,,62.574,1.87e-06,1.83e-06,0.781,,0.38,0.35,,,-0.008,0.038,,,,,,,24.762,27.0,113.7,11.239,11.239,,,,,,1.139,,,,,1373.859,308.033,,15.027,323.06,,122.833,,98.617,-3.477,35.946,-6.308,,19.314,-3.112,46.464,,1.729,,,12.512,2.566,1.277,,,2.381,513.381,12.348,,,,,,,,,,,2131.762,611.716,872.899,0.0,0.0,,,7.13,,,,,,,8.672,,-178.315,,-63.995,,355.989,200.227,200.227,200.227,,,,,,,,,,,323.414,,,,,,,,,,,,,,,,,,34.856,183.391,0.329,8.176,20.966,2.603,,,,,,2.603,,,,,,,,,13.996,,,25.324,51.918,0.0,0.0,0.4,125.0,,,59.16,17.918,0.0,61.906,1e-08,7.5,0.0,0.0,36.825,21.12,0.0,,,-1.625,10.823,15.736,,1858.049,730.556,41.565,,0.0,1.587,12.512,777.939,,,3504.158,19.122,1050.445,,,,,0.022,5.1,0.473,0.026,15.788,,,,,,,1.367629,2.881e-05,,,26.63,,,,,,,23.3,,,,,,4.263463,125.0,,1258.863,,,2.932e-05,,,,,,,,0.56,1.701,,0.821,0.0,4.062,2.807,7.812,11.619,,109.522,106.956
2011-05-01,192.439,7.625,70.508,,15.377,,471.498,,,,,2.209,0.172,1221.362,1996.751,,,,,471.023,-157.38,,,,,,,,,,1e-08,253.125,104.667,104.667,1.047,,,,,,,,,1.542,,,,,-2.104,189.813,,,,85.688,29.892,,,,,,,,,,,,,,,,,,,,,32.878,,,,,,,3e-07,2.9e-07,1.184,,,,,,,,,,,,,,,27.2,26.3,4.006,,,,,,,-0.248,,,,,295.883,,,,51.699,,20.084,,,0.326,-42.047,-34.461,,-52.272,-2.912,18.227,,11.779,,,0.004,2.265,,,,,532.125,,,,,,,,,,,,1996.751,486.753,746.039,,,,,7.097,,,,,,,,,-45.048,,-22.213,,-91.303,31.615,31.615,31.615,,,,,,,,,,,51.7,,,,,,,,,,,,,,,,,,,,,7.769,21.176,2.387,,,,,,,34.002,,,,,,,,,,,24.826,52.396,,,-0.027,31.25,,,15.782,,,22.236,1e-08,7.5,0.0,0.0,37.037,33.145,,,,,0.027,5.304,,,724.321,42.059,,,0.033,12.516,762.79,,,770.825,,244.183,,,,,,,,,,,,,,,,,,,,5.227,,,,,,,,,,,,,,,,1250.712,,,,,,,,,,,,,,,,,,,,,107.183,104.918
2011-07-31,196.843,13.19,78.488,,15.451,,478.024,,,,,1.53,,1222.065,2010.124,,,,,424.634,,,,,,,,,,,1e-08,253.125,103.992,103.992,1.04,39.382,,,,,,,,1.542,,,,,,191.889,,,,85.69,32.381,,,,,,,,,,,,,,,,,,,,,33.021,,,,,,,3.8e-07,3.7e-07,,,,,,,,,,,,,,,,26.0,31.9,,,,,,,,,,,,,308.721,,,,64.016,,24.707,,,,,,,,,,,,,,,2.299,,,,,556.628,,,,,,,,,,,,2010.124,507.683,759.937,0.0,0.0,,,7.064,,,,,,,8.606,,,,,,,39.309,39.309,39.309,,,,,,,,,,,64.085,,,,,,,,,,,,,,,,,,,,,7.626,20.549,0.073,,,,,,0.073,39.382,,,,,,,,,,,25.731,49.499,,,,,,,,,,40.289,1e-08,7.5,0.0,0.0,41.663,39.697,,,,,,,,,735.129,51.406,,,,14.721,755.672,,,814.75,,244.636,,,,,,,,,,,,,,,,1.030771,,,,7.029,,,,,,,,,,,,,,,,1250.187,,,,,,,,,,,,,,,,,,,,,106.766,104.467
2011-10-30,220.689,17.152,89.117,,13.266,,480.292,,,,,2.482,,1258.899,2051.164,,,,,379.393,,,,,,,,,,,1e-08,253.125,103.049,103.049,1.03,41.237,,,,,,,,1.815,,,,,,207.749,,,,85.602,34.061,,,,,,,,,,,,,,,,,,,,,32.874,,,,,,,4.2e-07,4.1e-07,,,,,,,,,,,,,,,,25.4,36.3,,,,,,,,,,,,,331.963,,,,68.751,,25.33,,,,,,,,,,,,,,,2.07,,,,,626.583,,,,,,,,,,,,2051.164,562.94,803.38,0.0,0.0,,,5.494,,,,,,,7.309,,,,,,,43.421,43.421,43.421,,,,,,,,,,,68.744,,,,,,,,,,,,,,,,,,,,,9.632,18.179,-2.184,,,,,,-2.184,41.237,,,,,,,,,,,26.418,45.957,,,,31.49,,,,,,39.73,1e-08,7.5,0.0,0.0,46.898,41.925,,,,,,,,,740.025,54.14,,,,14.726,753.196,,,867.176,,263.219,,,,,,,,,,,,,,,,1.017804,,,,5.578,,,,,,,,,,,,,0.9637,,,1247.784,,,3.268e-05,,,,,,,,,,,,,,,,,,105.721,103.651
2012-01-29,218.329,22.435,111.774,1199.805,12.59,,478.72,11.656,24.336,301.316,,1.743,0.84,1276.366,2060.838,,,,0.349,502.757,-125.646,,,,,,,12.684,,7.3e-07,1e-08,253.125,100.451,100.451,1.005,236.531,,,104.37,4.044,130.689,22.275,,1.795,,15.65,-0.013,,14.21,190.417,-1.427,,,91.744,12.382,104.126,,,,,,,,,,,,,,,26.6,4.862,,,,130.553,,,,,,76.308,2.27e-06,2.2200000000000003e-06,-0.237,,0.379,0.35,,,-0.006,0.035,,,,3.0,45.958,,15.078,24.1,140.1,8.021,8.021,,,,,,-2.04,-2.88,,,19.301,1459.856,367.62,,14.21,381.83,,144.899,,150.657,4.763,-21.154,-19.562,,-16.03,-2.242,34.853,,2.065,-2.559,,2.22,2.23,1.016,,,1.952,553.461,12.026,,,,,,,,,,,2060.838,571.799,805.576,0.0,0.0,,,5.478,,1.795,1.968,1.786,1.724,,7.273,,-259.039,,-157.704,,291.334,236.931,236.931,236.931,,,,,,,,44.0,,576.0,381.732,,,,,,,,,,221.591,140.006,154.731,179.44,199.852,490.619,1386.239,,34.39,192.807,0.382,9.229,37.418,-0.4,,,,,,-0.4,,,0.0,,,0.0,,,12.15,,,27.049,46.537,-0.017,,-0.232,194.429,,,68.877,11.656,25.363,130.353,1e-08,7.5,0.0,0.0,34.294,24.188,0.751,,,-0.086,0.081,9.614,,1934.477,734.672,45.961,,,1.626,14.732,762.947,,,3720.895,19.103,1078.124,,,,,0.023,5.0,0.466,0.022,7.343,2.237e-05,2.9199999999999998e-05,0.00316,0.0,0.0,4.338,0.934696,3.176e-05,,,24.336,,2.25,0.0,5.7,0.429773,,17.925,,,,,,5.384036,194.429,194.429,1255.262,,,3.611e-05,,,,,,,,0.37,2.07,,1.329,0.379,3.983,0.864,6.738,10.023,,106.582,104.352
2012-04-29,189.66,30.805,77.732,,13.663,,485.893,,,,,1.664,0.0,1192.822,1969.566,,,,,376.464,-126.293,,,,,,,,2.2e-07,,1e-08,253.125,99.37,99.37,0.994,31.789,,,,,,,,1.652,,,,,-3.172,197.347,,,,91.774,11.764,,,,,,,,,,,,,,,,,,,,,32.794,,,,,,,3.1e-07,3e-07,0.708,,,,,,,,,,7.0,,,,,23.9,30.6,4.152,4.152,,,,,,-0.362,,,,,309.266,,,,49.514,,18.798,,,1.627,-25.317,8.366,,-36.135,6.827,32.571,,9.695,,,0.005,1.784,,,,,586.27,,,,,,,,,,,,1969.566,520.706,753.332,,,,,5.45,,,,,,,,,-78.479,,-27.785,,-20.737,30.716,30.716,30.716,,,,,,,,,,,49.323,,,,,,,,,,,,,,,,,,,,,8.606,38.847,1.073,,,,,,1.073,31.789,,,,,0.0,,,,,,23.51,48.112,,,-0.034,61.733,,,22.136,6.866,,27.819,1e-08,7.5,0.0,0.0,34.308,32.975,0.0,,,,0.039,8.275,,,726.133,47.688,,,0.171,14.737,715.684,,,817.614,,259.943,,,,,,,,,,,,0.0,0.0,,,0.64749,,,,7.993,,,,,0.287206,,,,,,,,1.644508,,,1216.234,,,3.7539999999999996e-05,,,,,,,,,,,,,,,,,,101.956,100.172
2012-07-29,201.905,26.442,85.598,,12.289,,488.336,,,,,1.667,,1196.37,1989.884,,,,,336.55,,,,,,,,,2.2e-07,,1e-08,253.125,98.687,98.687,0.987,42.006,,,,,,,7.073,1.652,,,,,,202.59,,,,91.728,11.483,,,,,,,,,,,,,,,,,,,,,32.524,,,,,,,4.4e-07,4.3e-07,,,,,,,,,,,,,,,,26.5,31.6,,,,,,,,,,,,,334.48,,,,70.271,,26.891,,,,,,,,,,,,,,,1.609,,,,,616.355,,,,,,,,,,,,1989.884,545.869,779.417,0.0,,,,5.421,,,,,,,,,,,,,,43.38,43.38,43.38,,,,,,,,,,,70.103,,,,,,,,,,,,,,,,,,,,,9.103,38.116,,,,,,,-1.374,,,,,,0.0,,,,,,27.682,49.131,,,,31.343,,,,,,41.789,1e-08,7.5,,0.0,39.362,33.805,,,,,,,,,743.915,53.424,,,,16.043,708.855,,,874.283,,264.377,,,,,,,,,,,,,,,,0.62501,,,,7.099,,,,,,,,,,,,,0.884763,,,1210.467,,,3.543e-05,,,,,0.0,,,,,,,,,,,,,100.818,99.209
2012-10-28,236.562,1.467,96.534,,13.615,,495.938,,,,,1.21,,1206.813,2023.422,,,,,262.484,,,,,,,,,2.2e-07,,1e-08,253.125,98.095,98.095,0.981,50.225,,,,,,,,1.753,,,,,,208.239,,,,91.718,13.691,,,,,,,,,,,,,,,,,,,,,33.335,,,,,,,5e-07,4.9e-07,,,,,,,,,,,,,,,,31.3,39.4,,,,,,,,,,,,,367.998,,,,79.469,,30.569,,,,,,,,,,,,,,,1.974,,,,,688.437,,,,,,,,,,,,2023.422,573.289,805.565,,,,,3.755,,,,,,,,,,,,,,48.9,48.9,48.9,,,,,,,,,,,79.296,,,,,,,,,,,,,,,,,,,,,9.741,39.342,,,,,,,1.325,,,0.0,,,0.0,,,,,,28.734,50.609,,,,31.217,,,,,,46.79,1e-08,7.5,,0.0,44.452,34.37,,,,,,,,,763.576,59.562,,,,16.049,707.323,,,944.554,,288.702,,,,,,,,,,,,,,,,0.51888,,,,7.686,,,,,,,,,,,,31.283,0.748807,,,1217.857,,,4.1689999999999996e-05,,,,,0.0,,,,,,,,,,,,,100.418,98.444
2013-02-03,259.162,41.849,120.632,1282.905,13.633,,503.616,18.637,31.042,318.338,,1.313,6.071,1316.772,2187.679,,,,0.089,424.555,-78.202,,,,,,,14.137,2.2e-07,8.8e-07,1e-08,253.125,97.734,97.734,0.977,257.773,,,136.742,3.441,162.255,22.072,,1.724,,-7.827,0.0,,-9.029,207.415,-1.202,,,99.764,12.398,112.162,,,,,,,,,,,,,,,35.6,5.517,,0.5,,134.453,,,,,,88.452,2.5899999999999998e-06,2.5400000000000002e-06,0.931,,0.374,0.35,,,-0.009,0.033,,,,,48.351,,21.477,42.6,166.6,12.683,12.683,,,,,,-2.317,-8.388,,0.0,18.951,1592.476,401.542,,8.414,409.956,,153.226,,131.44,16.408,22.461,19.352,,9.147,16.962,85.981,,12.204,2.937,,1.323,1.785,,,,1.651,640.024,12.273,,,,,,,,,,,2187.679,657.127,878.541,0.0,0.0,,,3.753,,1.724,,1.968,1.785,,,-236.445,-236.445,-206.815,-206.815,364.127,364.127,256.73,256.73,256.73,,,,,,,44.0,,581.0,,409.163,,,,,,,,,,224.579,142.769,166.573,181.233,207.696,521.403,1444.253,,35.634,197.465,0.535,9.819,46.472,,,,,,,1.043,,,0.0,,,0.0,,,12.148,,,26.345,46.463,0.0,,0.203,155.08,,,87.847,18.637,0.0,205.404,1e-08,7.5,,0.0,37.231,26.339,0.115,,0.0,-0.405,0.182,14.637,,2094.942,812.037,62.985,,0.0,1.796,16.055,790.912,,,4042.87,20.275,1183.313,,,,,,,,,5.497,,3.884e-05,0.0002,0.0,,4.266,0.42893,3.507e-05,2.895e-05,0.0,31.042,,,0.0,3.1,0.505566,-18.637,27.23,,,,,,3.962034,155.08,155.08,1309.138,,,3.914e-05,,,,,0.0,,,0.171,1.069,2.508,2.188,0.936,2.508,2.917,6.101,8.99,,101.051,99.266
2013-05-05,211.086,13.377,84.886,,12.116,,507.793,,,,,0.918,,1189.08,2063.219,,,,,252.536,-172.019,,,0.0,0.182,0.0,-0.182,,3.1e-07,,1e-08,253.125,97.309,97.309,0.973,37.949,,,,,,,,1.696,,,,,-3.431,222.018,,,,99.739,10.738,,,,,,,,,,,,0.0,,,,,,,,,36.609,0.0,-0.013,-0.169,0.0,,,4.0000000000000003e-07,4.0000000000000003e-07,-0.782,,,,,,,,,,,,,,,54.5,48.1,4.047,4.047,,,,,,-0.36,-0.36,,,,334.185,,,,63.972,,24.506,,,-1.512,-52.345,-28.47,,-37.028,14.691,21.537,,25.863,-0.824,,,1.811,,,,,661.541,,,,,,,,,,,,2063.219,560.27,781.001,,,,,3.753,,,,,,,,,-64.757,,-46.658,,-59.822,39.466,39.466,39.466,,,,,,,,,,,63.783,,,,,,,,,,,,,,,,,,,,,9.434,46.152,,,,,,,-1.348,,,0.0,,,-0.169,,,,0.0,0.0,27.207,44.666,0.0,,-0.026,41.174,,,21.985,9.384,,47.444,1e-08,7.5,,0.0,36.407,52.695,0.76,,,0.0,,3.767,,,817.249,60.667,,,0.028,16.061,761.336,,,887.808,,270.402,,,,,,,,,,,,0.0,0.0,,,0.304828,,,,8.991,,,,,0.124102,,,,,,,,0.800882,,,1282.218,,,5.141e-05,,,,,0.0,,,,,,,,,,,,,99.515,97.704
2013-08-04,318.532,2.955,95.762,,9.26,,513.246,,,,,0.0,,1231.729,2124.178,,,,,205.364,,,,0.107,0.048,,0.059,,3.1e-07,,1e-08,253.125,95.839,95.839,0.959,46.063,,,,,,,,1.817,,,,,,225.822,,,,99.699,7.509,,,,,,,,,,,,,,,,,,,,,37.223,0.0,-0.029,0.292,0.204,,,5e-07,4.9e-07,,,,,,,,,,,,,,,,,,,,,,,,,,,,,,368.924,,,,78.211,,29.292,,,,,,,,,,,,,,,2.065,,,,,736.871,,,,,,,,,,,,2124.178,680.419,904.803,,,,,1.968,,,,,,,,,,,,,,48.919,48.919,48.919,,,,,,,,,,,78.086,,,,,,,,,,,,,,,,,,,,,11.029,54.989,,,,,,,-3.148,,,0.0,,,0.292,,,,0.204,0.0,35.531,51.599,,,,89.832,,,,,,50.333,1e-08,7.5,,0.0,37.266,61.725,,,,,,,,,829.951,62.808,,,,16.967,699.012,,,982.209,,290.838,,,,,,,,,,,,,,,,0.229488,,,,9.481,,,,,,,,,,,,,1.613943,,,1219.375,,,5.566e-05,,,,,3.102,,,,,,,,,,,,,98.957,96.892
2013-11-03,433.926,2.897,110.116,,10.289,,515.463,,,,,0.0,,1317.184,2226.442,,,,,128.759,,,,0.079,0.0,,0.079,,3.1e-07,,1e-08,253.125,94.379,94.379,0.944,57.748,,,,,,,,1.793,,,,,,244.609,,,,99.003,10.931,,,,,,,,,,,,,,,,,,,,,37.58,0.031,-0.036,0.119,0.106,,,5.9e-07,5.8e-07,,,,,,,,,,,,,,,,,,,,,,,0.0,,,,,,,405.388,,,,92.597,,35.878,,,,,,,,,,,,,,,2.41,,,,,898.625,,,,,,,,,,,,2226.442,829.478,1056.397,,,,0.0,1.968,,,,,,,,,,,,,,56.719,56.719,56.719,,,,,,,,,,,92.494,,,,,,,,,,,,,,,,,,,,,11.698,54.764,,,,,,,0.941,,,0.031,,,0.119,,,,0.106,0.0,36.137,59.506,,,,85.363,,,,,,47.459,1e-08,7.5,,0.0,40.613,49.317,,,,,,,,,843.563,74.886,,,,14.283,646.45,,,1051.548,,312.894,,,,,,,,,,,,,,,,0.224488,,,,9.968,,,,,,,,,,,,,1.527327,,,1170.045,,,5.589e-05,,,,,3.101,,,,,,,,,,,,,97.863,95.453
2014-02-02,404.791,49.365,138.181,1382.475,6.524,,522.595,18.096,38.788,325.708,25.382,0.0,,1419.103,2336.734,,,9.034,0.0,330.121,-94.434,,,0.485,0.0,,0.485,16.652,3.3e-07,1.24e-06,1e-08,253.125,94.049,94.049,0.941,271.793,,,173.686,2.69,202.124,25.748,,1.785,,-26.324,-0.743,,-28.344,228.193,-1.277,,,121.486,13.824,135.31,,,,,,,,,,,0.0,,,,37.4,5.538,0.5,0.06,,149.795,0.129,-0.109,0.87,0.222,,121.688,2.8900000000000003e-06,2.8199999999999997e-06,-2.203,,0.384,0.35,,,-0.003,0.037,,,,,45.663,,17.94,,,8.743,8.743,,,,0.0,,,-2.764,,0.0,18.946,1704.216,448.764,,3.918,452.682,,173.78,,186.968,-0.786,135.095,7.478,,43.635,21.578,174.664,,13.649,-3.675,,-1.766,2.096,,,,1.27,813.16,10.406,,,,,,,,,,,2336.734,861.096,1080.732,0.0,0.0,0.0,0.0,1.968,,1.785,,,1.968,,,-355.376,-355.376,-190.624,-190.624,453.769,453.769,278.902,278.902,278.902,,,,,,,,,585.0,,452.098,,,,,,,,,,231.66,146.473,165.737,191.569,207.128,489.032,1431.599,,34.608,210.414,0.536,10.852,54.514,,,,,,0.87,-7.85,,,0.129,,,0.87,,,15.19,0.182,0.04,38.781,59.812,0.0,,-0.045,239.274,,,111.581,18.096,0.0,193.953,1e-08,7.5,,0.0,33.556,35.309,1.518,,0.0,-0.058,,6.614,,2231.768,849.293,60.33,,0.0,1.724,14.289,729.043,,,4387.889,21.755,1252.118,,,,,,,,,3.834,,3.494e-05,0.005,0.0,,3.874,0.222488,3.711e-05,3.2829999999999996e-05,0.0,38.788,18.046,,0.0,2.0,0.201442,-18.096,15.341,,,750.0,,,4.344962,,239.274,1256.002,,,5.507e-05,,,,239.274,3.101,,,0.042,0.17,2.231,3.351,0.328,,1.692,7.202,10.765,,98.765,96.669
2014-05-04,369.279,2.571,88.796,,7.391,,509.178,,,,,0.16,,1277.487,2168.1,,,,,112.87,-217.251,,,0.112,0.147,,-0.035,,3.3e-07,,1e-08,253.125,94.184,94.184,0.942,47.029,,,,,,,,1.785,,,,,-4.649,233.563,,,,121.443,0.0,,,,,,,,,,,,2.85,,,,,,,,,38.63,0.233,-0.034,-0.224,0.072,,,4.9e-07,4.8e-07,-0.368,,,,,,,,,,,,,,,,,21.371,21.371,,,0.284,0.0,,,-0.644,,,,368.408,,,,74.395,,28.233,,,-5.692,-19.276,-46.798,,-48.164,5.216,36.108,,41.951,1.43,,,1.625,,,,,850.416,,,,,,,,,,,,2168.1,736.226,959.808,,,,0.0,1.968,,,,,,,,-108.568,-108.568,-37.986,-37.986,-70.329,-70.329,46.162,46.162,46.162,,,,,,,,,,,74.326,,,,,,,,,,,,,,,,,,,,,9.261,53.601,,,,,,,1.398,,,0.233,,,-0.298,,,,0.072,0.0,40.232,60.425,-0.173,,-0.133,53.309,,,32.891,46.73,,38.119,1e-08,7.5,,0.0,34.986,79.491,0.033,,0.0,-0.006,,2.997,,,837.012,54.725,,,0.0,14.295,693.67,,,974.33,,294.082,,,,,,,,,,,,0.0,0.0,,,0.1355,,,,12.368,,,,,0.086988,,,,,750.0,,,0.840761,,,1208.292,,,6.340999999999999e-05,,,,,2.889,,,,,,,,,,,,,95.618,93.993
2014-08-03,336.47,14.604,101.818,,7.741,7.741,514.464,,,,,0.0,,1261.35,2163.548,,,,,70.574,,,,0.15,0.198,,-0.048,,3.3e-07,,1e-08,253.125,93.414,93.414,0.934,51.096,,,,,,,,1.968,,,,,,251.146,,,,121.527,0.856,,,,,,,,,,,,0.0,,,,,,,,,40.702,0.287,-0.053,0.022,0.0,,,5.4e-07,5.3e-07,,,,,,,,,,,,,,,,,,,,,,0.019,0.0,,,,,,,382.098,,,,85.296,,34.549,,,,,,,,,,,,,,,1.86,,,,,894.86,,,,,,,,,,,,2163.548,750.719,985.139,,,,0.0,0.0,,,,,,,,,,,,,,50.747,50.747,50.747,,,,,,,,,,,85.336,,,,,,,,,,,,,,,,,,,,,9.772,52.087,,,,,,,0.545,,,0.287,,,0.091,,,,-0.016,0.016,44.713,63.227,,,,58.745,,,,,,45.4,1e-08,7.5,0.0,0.0,39.072,55.892,,,,,,,,,849.255,69.653,,,,0.0,657.721,,,1039.102,,296.762,,,,,,,,,,,,,,,,0.1215,,,,9.823,,,,,,,,,,,,,0.847946,,,1178.409,,,6.928e-05,,,,,2.451,,,,,,,,,,,,,95.839,93.979
2014-11-02,411.232,4.75,117.41,,5.203,5.203,519.783,,,,,0.0,,1382.915,2303.947,,,,,107.703,,,,0.372,0.0,,0.372,,3.3e-07,,1e-08,253.125,92.219,92.219,0.923,62.372,,,,,,,,1.968,,,,,,265.058,,,,121.38,4.142,,,,,,,,,,,,,,,,,,,,,41.803,0.007,-0.036,0.472,0.0,,,7e-07,6.800000000000001e-07,,,,,,,,,,,,,,,,,,,,,,0.484,0.0,,,,,,,431.407,,,,104.603,,39.695,,,,,,,,,,,,,,,1.853,,,,,979.719,,,,,,,,,,,,2303.947,936.552,1167.572,,,200.0,90.0,0.0,,,,,,,,,,,,,,64.908,64.908,64.908,,,,,,,,,,,104.72,,,,,,,,,,,,,,,,,,,,,14.816,50.22,,,,,,,-2.88,,,0.007,,,0.351,,,,-0.009,0.009,46.134,62.942,,,,83.181,,,,,,48.151,1e-08,7.5,0.0,0.0,39.116,56.517,,,,,,,,,866.67,63.664,,,,0.0,612.611,,,1143.162,,326.687,,,,,,,,,,,,,,,,0.1205,,,,12.538,,,,,,,,,,,,,1.247046,,,1136.375,,,6.670000000000001e-05,,,,,2.145,,,,,,,,,,,,,94.92,93.067
2015-02-01,397.037,32.488,136.012,1386.465,-2.548,-2.548,527.261,,44.632,330.07,24.419,0.021,,1391.923,2330.277,,,4.808,,222.927,-107.194,,,1.015,0.009,,1.006,17.422,,1.32e-06,1e-08,253.125,91.891,91.891,0.919,299.782,,,157.227,4.411,193.597,31.959,,1.968,,2.719,-0.42,,-0.248,261.679,-2.547,30.328,134.883,130.618,4.265,134.883,,8.759,7.061,5.437,15.968,19.857,28.866,18.925,1.568,37.098,0.0,,12.753,9.888,43.3,6.038,0.5,0.06,,162.273,0.573,-0.155,1.153,0.427,,125.378,3.2999999999999997e-06,3.2400000000000003e-06,-1.271,,0.385,0.35,,,-0.005,0.04,,,,,52.317,,52.798,,,26.56,26.56,,,1.321,0.0,,,-2.41,,0.0,18.74,1800.504,482.739,502.203,19.464,502.203,,193.349,,172.305,9.366,4.455,-17.034,,8.867,34.4,76.964,,0.061,0.386,,-14.289,1.566,,-0.062,,1.269,887.701,10.244,,,,,,,,,,,2330.277,875.948,1105.571,,90.0,0.0,0.0,0.0,,,,,,,,-379.02,,-188.6,,461.697,,308.854,308.854,308.854,,,,,2.0,,,,601.0,,502.265,,,,,,,,,,237.975,158.431,178.353,198.483,225.951,595.132,1594.325,,32.699,222.94,0.56,13.005,51.077,,,,,,0.806,-9.305,,-9.072,0.573,,,0.806,,,14.446,0.427,0.0,46.764,62.698,-0.595,,-1.911,224.377,,,125.758,56.977,,204.8,1e-08,7.5,0.0,0.0,33.942,36.265,1.644,,90.0,-0.76,,4.077,,2269.477,883.012,67.465,,90.0,1.785,0.0,701.214,,,4698.719,24.901,1298.239,,6.318e-05,101.189,,,,,,3.564,,0.0,0.0,0.0,,4.194,0.107,3.905e-05,3.53e-05,0.0,44.632,26.837,,0.0,1.9,0.115488,-56.043,31.022,-0.934,750.0,,,,3.331557,,224.377,1224.706,,,6.735e-05,,,0.035,224.377,2.14,,,0.138,1.144,2.412,3.093,2.007,,0.224,9.602,14.359,,95.2,93.634
2015-05-03,367.525,8.322,87.067,,-2.257,-2.257,527.257,,,,5.999,0.0,,1324.219,2251.089,,,,,78.851,-144.076,,,0.283,0.426,,-0.143,,3.5e-07,,1e-08,253.125,91.644,91.644,0.917,45.08,,,,,,,,1.968,,,,,-5.498,258.854,,,,130.889,0.0,,,,,,,,,,,,1.958,,,,,,,,,41.478,0.268,-0.016,-0.513,0.262,,,4.9e-07,4.8e-07,-0.956,,,,,,,,,,,,,,,,,8.724,8.724,,,0.54,0.0,,,-1.694,,,,378.841,,71.92,,71.92,,27.13,,,-2.864,-25.03,-24.155,,-51.387,-3.106,53.746,,21.439,1.706,,,1.593,,,,,942.8,,,,,,,,,,,,2251.089,828.828,1064.457,,60.0,,60.0,0.0,,,,,,,,-35.67,,-40.379,,-67.071,,44.79,44.79,44.79,,,,,2.0,,,,,,71.928,,,,,,,,,,,,,,,,,,,,,11.627,50.085,,,,,,,0.867,,0.29,0.198,0.07,,-0.379,0.134,,,0.262,,45.092,63.143,-0.051,,-0.005,52.562,,,31.934,21.734,,40.384,1e-08,7.5,0.0,0.0,35.648,59.684,,,60.0,0.0,,1.836,,,876.785,64.72,,,,0.0,662.671,,,1030.676,,306.913,,,,,,,,,,,,0.0,0.0,,,0.059263,,,,14.01,,,,,0.047737,,,,,,,,0.664402,,,1186.632,,,7.910999999999999e-05,,,0.03,,1.956,,,,,,,,,,,,,93.3,91.707
2015-08-02,416.276,14.678,103.695,,,-5.625,532.835,,,,,0.0,,1470.703,2395.971,,,,,119.776,,,,0.61,0.0,,0.61,,3.5e-07,,1e-08,253.125,90.86,90.86,0.909,50.3,,,,,,,,0.0,,,,,,288.654,,,,130.687,0.0,,,,,,,,,,,,1.213,,,,,,,,,41.755,0.643,-0.026,1.084,0.079,,,5.9e-07,5.8e-07,,,,,,,,,,,,,,,,,,,,,,0.981,0.0,,,,,,,406.625,,83.068,,83.068,,29.4,,,,,,,,,,,,,,,1.321,,,,,1031.472,,,,,,,,,,,,2395.971,1023.54,1254.595,,90.0,,150.0,,,,,,,,,,,,,,,53.668,53.668,53.668,,,,,,,,,,,83.343,,,,,,,,,,,,,,,,,,,,,12.808,50.266,,,,,,,-3.694,,-3.368,0.474,,,0.8,,,,0.079,0.0,50.237,50.739,,,,72.438,,,,,,46.465,1e-08,7.5,0.0,0.0,38.088,56.119,,,,,,,,,875.002,81.753,,,,,615.193,,,1127.028,,323.282,,,,,,,,,,,,,,,,0.0385,,,,10.903,,,,,,,,,,,,,0.899301,,,1141.376,,,8.054999999999999e-05,,,0.03,,1.936,,,,,,,,,,,,,92.564,91.243
2015-11-01,395.033,35.317,115.72,,,-7.127,538.737,,,,,0.0,,1501.836,2435.676,,,,,72.264,,,,0.412,0.0,,0.412,,3.5e-07,,1e-08,253.125,90.01,90.01,0.901,68.98,,,,,,,,0.0,,,,,,293.317,,,,130.684,2.56,,,,,,,,,,,,,,,,,,,,,41.86,0.339,-0.012,0.158,0.541,0.0,,7.8e-07,7.7e-07,,,,,,,,,,,,,,,,,,,,,,0.801,0.0,,,,,,,451.188,,110.341,,110.341,,39.859,,,,,,,,,,,,,,,1.364,,,,,1102.349,,,,,,,,,,,,2435.676,1094.539,1319.143,,50.0,200.0,200.0,,,,,,,,,,,,,,,70.482,70.482,70.482,,,,,,,,,,,110.683,,,,,,,,,,,,,,,,,,,,,12.966,47.821,,,,,,,-1.37,,-1.502,0.25,,,0.118,,,,0.541,0.0,55.152,50.545,,,,71.497,,,,,,49.22,1e-08,7.5,0.0,0.0,35.762,59.276,,,,,,,,,883.459,88.535,,,,,585.928,,,1232.082,,340.505,,,,,,,,,,,,,,,,0.0385,,,,11.269,,,,,,,,,,,,,0.922127,,,1116.533,,,7.754e-05,,,0.029,,1.906,,,,,,,,,,,,,91.801,90.437
2016-01-31,447.412,67.052,127.122,1454.307,,-10.616,541.307,,41.357,,24.721,0.012,,1336.1,2417.427,,,2.715,,193.647,-29.28,,,0.866,0.115,,0.751,17.112,3.5e-07,1.4e-06,1e-08,253.125,89.563,89.563,0.896,302.0,,,156.812,5.594,185.375,22.969,,,0.02,-6.093,-2.601,,-7.436,296.827,1.258,31.752,141.784,,141.784,,,11.451,6.723,6.003,15.776,21.365,17.028,19.952,1.123,36.475,,,10.883,4.527,,6.915,0.5,0.06,,167.76,1.605,-0.066,1.454,,,130.29,3.42e-06,3.37e-06,-1.757,,0.365,0.35,-0.018,,0.002,0.032,,,,,52.481,30.352,30.352,,,14.494,14.494,,,1.171,0.0,,,-4.339,,,18.703,1844.214,462.701,488.007,25.306,488.007,,177.939,,134.478,12.849,60.507,34.548,,-0.135,35.877,92.647,,9.245,-5.022,,,1.315,,-0.627,,1.989,978.138,9.782,,,,,,,,,,6.088,2417.427,996.427,1219.201,,200.0,0.0,,,,,,,,,,-369.383,,-202.166,,544.026,,310.068,310.068,310.068,,,,,2.0,,,,618.0,,488.634,,,,,,,,,,257.805,168.046,197.055,218.381,242.036,650.585,1733.908,,33.985,233.262,0.608,11.438,52.73,,,,,,1.074,-7.958,,-8.068,1.184,0.421,,1.074,0.38,,15.929,-0.471,0.471,58.014,49.713,-0.149,,-0.769,224.995,0.135,,127.636,31.79,,202.935,1e-08,7.5,0.0,,28.919,44.654,0.683,,200.0,-0.135,,2.647,,2341.12,886.813,79.304,,200.0,1.968,0.0,668.545,,,4976.09,25.29,1355.58,,7.619e-05,50.773,,,,,,2.722,,0.0,0.0,0.0,,0.457,0.0385,3.98e-05,3.864e-05,0.0,41.357,24.465,,,,0.0685,-31.405,17.239,-0.386,750.0,,,,2.950438,,,1198.226,,,7.626e-05,,,0.029,224.995,1.906,66.5,,0.341,2.912,2.649,2.765,0.101,,0.682,8.948,13.29,,92.102,90.787
2016-05-01,339.392,7.764,96.577,,,-7.875,534.414,,,,5.987,0.203,,1212.662,2290.368,,,,,99.217,-94.43,,,,2.16,,-2.16,,3.7e-07,,1e-08,253.125,89.35,89.35,0.894,42.338,,,,,,,,,0.02,,,,-5.796,275.116,,,,,131.597,,,,,,,,,,,,,,,,,,,,,41.24,0.409,0.023,-2.933,,,,4.4e-07,4.4e-07,-0.72,,,,,,,,,,,,,,,,,3.824,3.824,,,2.171,0.0,,,-0.88,,,,392.517,,63.593,,,,23.996,,,-3.781,-113.51,-59.285,,-20.875,-22.465,-37.424,,7.683,0.997,,,1.216,,,,,944.632,,,,,,,,,,,5.026,2290.368,871.756,1127.512,,100.0,,100.0,,,,,,,,,6.805,,-27.855,,-72.66,,39.597,39.597,39.597,,,,,2.0,,,,,,63.525,,,,,,,,,,,,,,,,,,,,,9.844,52.469,,,,,,,5.208,,2.741,0.302,0.107,,-2.165,-0.768,,,-0.287,0.287,52.907,67.041,0.418,,-0.294,40.639,,,34.423,22.904,,28.149,1e-08,7.5,0.0,,29.916,53.689,,,100.0,-0.048,,0.995,,,893.64,75.364,,,,,636.986,,,1097.817,,328.992,13.2,,,,,,,,,,,0.0,0.0,,,,,,,15.732,,,,,0.0385,,,,,,,,0.727629,,,1162.856,,,5.585e-05,,,0.023,,1.563,,,,,,,,,,,,,90.514,89.298
2016-07-31,391.597,1.67,103.04,,,-9.86,542.711,,,,,0.909,,1279.104,2373.564,,,,,111.122,,,,0.309,0.695,,-0.386,,3.7e-07,,1e-08,253.125,88.738,88.738,0.888,49.8,,,,,,,,,,,,,,283.779,,,,,134.721,,,,,,,,,,,,,,,,,,,,,42.129,0.05,-0.013,1.434,0.009,,,5.8e-07,5.8e-07,,,,,,,,,,,,,,,,,,,,,,0.787,0.0,,,,,,,410.539,,83.109,,,,31.324,,,,,,,,,,,,,,,0.697,,,,,962.943,,,,,,,,,,,5.621,2373.564,958.417,1218.752,,25.0,,125.0,,,,,,,,,,,,,,,51.785,51.785,51.785,,,,,,,,,,,83.276,,,,,,,,,,,,,,,,,,,,,11.589,51.177,,,,,,,-3.005,,-1.985,0.038,0.012,,1.058,0.376,,,0.009,0.0,53.331,66.516,,,,35.527,,,,,,49.728,1e-08,7.5,0.0,,27.097,68.3,,,,,,,,,908.562,98.053,,,,,622.608,,,1159.029,,327.263,,,,,,,,,,,,,,,,,,,,11.744,,,,,,,,,,,,,0.665517,,,1154.812,,,5.338e-05,,,0.023,,1.535,,,,,,,,,,,,,89.736,89.039
2016-10-30,450.144,1.122,111.445,,,-10.772,547.513,,,,,0.61,,1347.214,2453.332,,,,,75.381,,,,,0.328,,0.501,,3.7e-07,,1e-08,253.125,88.014,88.014,0.881,68.466,,,,,,,,,,,,,,289.737,,,,,136.558,,,,,,,,,,,,,,,,,,,,,44.376,-0.406,-0.022,0.704,0.314,,,7.8e-07,7.8e-07,,,,,,,,,,,,,,,,,,,,,,0.322,0.0,,,,,,,458.223,,109.491,,,,40.113,,,,,,,,,,,,,,,0.762,,,,,1063.747,,,,,,,,,,,6.585,2453.332,1030.871,1293.85,,0.0,,125.0,,,,,,,,,,,,,,,69.378,69.378,69.378,,,,,,,,,,,109.979,,,,,,,,,,,,,,,,,,,,,12.176,51.54,,,,,,,-1.731,,-0.912,-0.299,-0.107,,0.52,0.184,,,0.314,,53.423,70.031,,,,39.001,,,,,,49.292,1e-08,7.5,0.0,,25.329,74.195,,,,,,,,,918.02,96.386,,,,,623.243,,,1245.385,,348.244,1.2,,,,,,,,,,,,,,,,,,,10.499,,,,,,,,,,,,,0.771327,,,1159.482,,,5.0560000000000004e-05,,,0.02,,1.383,,,,,,,,,,,,,89.144,88.382
2017-01-29,453.71,23.245,130.187,1586.039,,-9.903,556.928,,51.054,382.206,25.212,0.261,,1367.18,2476.879,,,0.625,,,20.066,,,,,,,19.0,3.7e-07,1.48e-06,1e-08,253.125,87.325,87.325,0.873,306.1,,,125.76,7.453,159.41,26.197,,,0.02,8.307,-0.386,,7.114,294.276,-0.807,32.003,135.238,,135.238,,2.797,8.014,7.107,7.06,16.781,17.437,23.994,24.182,0.995,36.715,,,8.726,22.477,,7.725,0.5,0.06,,173.195,-0.147,-0.004,-1.243,,,133.588,3.45e-06,3.41e-06,-1.862,,0.353,0.35,-0.057,,-0.003,0.035,,,,,62.212,24.129,24.129,,,4.894,4.894,,,0.074,0.0,,,-3.806,,0.0,18.68,1883.31,425.517,471.911,46.394,,,166.524,7.7,203.426,9.794,4.276,-43.803,19.712,25.876,2.02,-4.493,,7.521,-6.448,,,0.868,,-0.688,2.202,2.202,977.505,13.77,,,,,,,,,,6.565,2476.879,961.256,1228.659,,125.0,0.0,,,,,,,,,,-305.806,-305.806,-196.975,-196.975,524.709,524.709,305.387,305.387,305.387,,,,,2.0,,,,629.0,,472.599,,,,,,,,,,268.593,177.812,206.874,237.667,258.767,676.797,1826.51,,26.98,252.19,0.558,10.652,51.178,,,,,,,1.523,,0.713,-0.106,-0.041,-1.243,-0.916,-0.327,,18.736,,,59.838,71.215,0.423,,-0.439,151.272,0.359,,133.539,27.062,,197.414,1e-08,7.5,0.0,,23.625,52.882,,,125.0,-0.359,,1.532,305.387,2509.322,923.283,88.803,,125.0,,,701.702,5083.812,,5083.812,24.988,1410.711,14.4,5.9170000000000004e-05,56.405,,,,,,0.663,,,,0.0,,,0.0,,,,51.116,5.237,,,,,-27.062,4.762,,,,,,2.87148,,,,,,5.268e-05,,,0.02,151.272,1.38,118.7,,0.818,0.714,2.882,11.772,3.456,,1.122,21.134,,,89.462,88.594
2017-04-30,397.442,37.792,87.184,,,-10.83,549.281,,,,6.477,0.215595,,1291.045,2391.177,,,,,93.975,-119.738,,,,,,,,3.9e-07,,1e-08,253.125,86.883,86.883,0.869,38.628,,,,,,,,,0.02,,,,-3.848,298.113,,,,,124.977,,,,,,,,,,,,,,,,,,,,,44.95,0.021,0.008,0.892,,,,4.5000000000000003e-07,4.5000000000000003e-07,0.105,,,,,,,,,,,,,,,,,,,,,0.944,0.0,,,-0.519,,,,395.76,,62.577,,,,23.022,,,-24.61,-65.483,14.564,-47.248,-47.235,-4.648,60.246,,11.069,0.844,,,0.748,,,,,1037.107,,,,,,,,,,,6.831,2391.177,912.665,1181.026,,45.0,0.0,45.0,,,,,,,,,-41.319,,-32.148,,-46.376,,39.555,39.555,39.555,,1.4,,,2.0,,,,,,62.474,,,,,,,,,,,,,,,,,,,,,10.901,54.624,,,,,,,-1.566,,-0.927,0.016,0.005,,0.655,0.237,,,,,47.134,73.16,0.076,,-0.005,38.35,,,34.189,13.78,,32.153,1e-08,7.5,0.0,,20.341,64.739,,,45.0,,,,,,920.531,63.982,,,,,671.758,,,1111.507,,333.286,5.7,,,,,,,,,,,,,,,,,,,9.817,,,,,,,,,500.0,,,,0.764543,,,1210.151,,,5.0159999999999994e-05,,,0.013,,0.927,,,,,,,,,,,,,87.71,86.962
2017-07-30,427.474,35.582,97.965,,,-8.599,556.702,,,,,1.638306,,1364.378,2479.86,,,,,103.109,,,,,,,,,3.9e-07,,1e-08,253.125,85.754,85.754,0.858,55.148,,,,,,,,,,,,,,294.694,,,,,130.212,,,,,,,,,,,,,,,,,,,,,45.098,-0.009,0.047,-1.588,,,,6.1e-07,6.1e-07,,,,,,,,,,,,,,,,,,,,,,0.634,0.0,,,,,,18.773,422.711,,81.101,,,,28.184,,,,,,,,,,,,,,,0.419,,,,,1072.976,,,,,,,,,,,5.303,2479.86,1020.07,1291.336,,70.0,,115.0,,,,,,,,,,,,,,,52.917,52.917,52.917,,,,,,,,,,,81.584,,,,,,,,,,,,,,,,,,,,,12.066,37.166,,,,,,,3.39,,,-0.007,-0.002,-1.588,-1.166,-0.422,,,,,49.355,74.284,,,,55.011,,,,,,50.574,1e-08,7.5,0.0,,20.881,76.611,,,,,,,,,929.331,78.735,,,,,640.368,1201.606,,1201.606,,341.127,,,,,,,,,,,,,,,,,,,,13.012,,,,,,,,,,,,,1.160381,,,1188.524,,,4.7409999999999995e-05,,,0.012,,0.805,,,,,,,,,,,,,86.848,86.429
2017-10-29,468.566,48.865,101.434,,,-8.314,557.198,,,,,0.994,,1460.461,2580.384,,,,,90.779,,,,,,,,,3.9e-07,,1e-08,253.125,84.478,84.478,0.845,71.598,,,,,,,,,,,,,,299.031,,,,,131.793,,,,,,,,,,,,,,,,,,,,,45.425,0.173,0.02,0.506,,,,8.4e-07,8.4e-07,,,,,,,,,,,,,,,,,,,,,,0.301,0.0,,,,,,18.769,467.067,,110.219,,,,38.906,,,,,,,,,,,,,,,0.444,,,,,1176.941,,,,,,,,,,,8.392,2580.384,1137.551,1408.21,,55.0,,170.0,,,,,,,,,,,,,,,71.313,71.313,71.313,,,,,,,,,,,110.813,,,,,,,,,,,,,,,,,,,,,12.141,38.23,,,,,,,0.04,,,0.128,0.045,0.506,0.373,0.133,,,,,49.655,75.439,,,,60.96,,,,,,53.094,1e-08,7.5,0.0,,19.051,69.267,,,,,,,,,931.131,92.282,,,,,623.17,1299.336,,1299.336,,356.254,,,,,,,,,,,,,,,,,,,,7.335,,,,,,,,,,,,,1.301373,,,1172.174,,,4.6840000000000006e-05,,,0.011,,0.725,,,,,,,,,,,,,85.384,84.94
2018-01-28,457.144,56.783,134.207,1686.829,,-6.782,562.814,,42.768,382.206,-25.372,0.577,,1636.445,2785.749,6.2,,1.257,,390.136,176.423,,,,,,,25.55,4.3e-07,1.56e-06,1e-08,253.125,83.726,83.726,0.837,262.666,,,97.202,12.759,129.513,19.552,,,,62.893,0.028,,63.381,300.607,0.46,23.314,67.306,,67.306,,6.026,-3.116,5.099,5.886,14.127,9.024,13.626,18.387,1.067,24.854,,,5.386,17.361,,8.224,0.5,0.06,,183.077,-0.144,0.088,-0.974,,,135.779,3.03e-06,3.02e-06,-1.814,,0.426,0.339,-0.029,,0.011,0.025,,,,,71.272,16.066,,,,,,,,-0.756,0.0,,,-1.889,,0.0,18.838,1931.711,379.0,452.439,73.439,,,192.894,,99.062,-0.149,2.549,33.541,9.597,9.157,-3.002,80.235,,15.475,1.019,,,0.488,,,2.915,2.915,1061.593,12.649,,,,,,,,,,6.721,2785.749,1007.823,1582.183,,170.0,0.0,,,,,,,,299.422,,-51.707,-51.707,-269.76,-269.76,499.704,499.704,259.545,259.545,259.545,,,,,2.0,,,,631.0,,453.811,,,,,,,,,,288.583,176.193,212.085,245.189,275.712,671.173,1868.935,,24.918,262.456,0.578,11.876,130.877,,,,,,,3.73,,,-0.106,0.038,-0.974,-0.715,0.259,,24.151,,,59.082,72.804,0.135,,-0.48,196.179,1.191,135.01,135.01,18.13,80.528,189.712,1e-08,7.5,0.0,,20.517,62.204,,300.0,170.0,-1.197,,0.0,259.545,2619.112,932.283,90.119,,170.0,,,647.422,5292.359,,5292.359,26.37,1477.9,8.6,5.2759999999999996e-05,35.508,,,,,,,,,,,,,,,,,42.988,7.287,,,,,-18.13,,,,,214.399,,4.050697,,,1203.566,,,4.843e-05,,,0.011,196.179,0.725,,,10.61,,3.719,3.345,0.808,,1.356,13.286,18.051,,86.08,85.592
2018-04-29,393.025,72.036,99.823,,,-6.755,564.685,,12.811,,6.724,0.029997,,1523.217,2656.905,,,,,290.244,-99.892,,,,,,,,4.3e-07,,1e-08,253.125,83.222,83.222,0.833,45.195,,17.688,,,,,,,,,,,-3.241,256.534,,,,,58.842,,,,,,,,,,,,,,,,,,,,,47.873,-0.052,-0.017,1.191,,,36.877,5.4e-07,5.4e-07,2.48,,,,,,,,,,1.7,,,,,,,,,,,0.486,0.0,,,-0.414,,,18.811,432.164,,65.349,,,1.7,20.181,,,9.556,-76.823,13.818,-32.047,,4.815,-2.388,,4.399,,,,0.782,,,,,1052.892,,,,,,,,,,,5.9,2656.905,882.821,1459.671,,0.0,,,,,,,,,299.472,,-79.232,-79.232,-33.909,-33.909,10.769,10.769,45.168,45.168,45.168,,,,,2.0,,,,,,66.55,,,,,,,,,,,,,,,,,,,,,21.118,129.715,,,,,,,-1.145,,,-0.049,-0.003,1.191,1.123,0.068,,,,,61.403,72.779,-0.064,,-0.12,37.713,,,34.081,7.438,,34.029,1e-08,7.5,0.0,,,56.333,,,,,,,45.168,,926.32,102.63,,,,,638.774,1203.0,,1203.0,,365.614,,,,,,,,,,,,,,,,,,,,12.889,,,,,,-7.436,,,,,481.406,,0.73193,,,1197.234,,3.3,5.153e-05,,,0.003,37.713,0.303,,,,,,,,,,,,,84.174,83.392
2018-07-29,466.903,35.529,112.381,,,-9.742,561.81,,13.497,,,0.017179,,1477.492,2607.977,,,,,174.58,,,,,,,,,4.3e-07,,1e-08,253.125,80.988,80.988,0.81,48.726,,,,,,,,,,,,,,263.546,,,,,60.96,,,,,,,,,,,,,,,,,,,,,45.936,-0.021,0.05,,,,36.465,6.3e-07,6.2e-07,,,,,,,,,,,,,,,,,,,,,,0.846,0.0,5.3,,,,,85.673,463.942,,72.582,,,1.9,20.869,,,,,,,,,,,,,,,0.825,,,,,1099.888,,,,,,,,,,,6.049,2607.977,947.948,1526.989,,,,,,,,,,,299.521,,,,,,,,51.713,51.713,51.713,,,,,,,,,,,74.166,,,,,,,,,,,,,,,,,,,,,21.891,64.163,,,,,,,-2.993,,,,-0.021,0.339,0.006,0.333,,,,,69.589,72.33,,,,137.105,,,,,,45.992,1e-08,7.5,0.0,,,74.811,,,,,,,,,919.689,106.322,,,,,528.368,1275.174,,,,389.776,,,,,,,,,,,,,,,,,,,,13.637,,,,,,-4.899,,,,,344.302,,2.409437,,,1080.988,,2.9,5.69e-05,,,0.002,137.105,0.258,,,,,,,,,,,,,83.167,82.342
2018-10-28,487.733,9.903,132.398,,,-11.757,570.924,,14.342,,,0.006,,1591.426,2718.759,,,,,164.414,,,,,,,,,4.3e-07,,1e-08,253.125,80.282,80.282,0.803,79.45,,,,,,,,,,,,,,275.567,,,,,45.999,,,,,,,,,,,,,,,,,,,,,47.358,0.163,0.016,,,,35.869,1.01e-06,1e-06,,,,,,,,,,,,,,,,,,,,,,0.595,0.0,1.1,,,,,85.649,494.984,,92.096,,,1.9,10.631,,,,,,,,,,,,,,,1.166,,,,,1197.554,,,,,,,,,,,6.33,2718.759,1036.72,1626.822,,,,60.0,,,,,,,299.571,,,,,,,,81.465,81.465,81.465,,,,,,,,,,,94.384,,,,,,,,,,,,,,,,,,,,,21.805,64.324,,,,,,,-1.83,,,0.12,0.043,-0.088,-0.065,-0.023,,,,,71.119,85.388,,,,45.403,,,,,,48.305,1e-08,7.5,0.0,,,94.071,,,,,,,,,931.361,113.582,,,,,532.172,1356.983,,,,400.6,,,,,,,,,,,,,,,,,,,,14.427,,,,,,-1.571,,,,,298.898,,0.742508,,,1091.937,,10.6,6.115e-05,,,0.002,45.403,0.205,,,,,,,,,,,,,81.641,80.475
2019-02-03,526.702,21.461,163.559,1812.767,,-11.073,581.9,,59.428,390.115,-26.199,0.031,,1694.343,2812.844,,,2.773,,,-51.182,-51.182,338.954,,,,,25.39,,1.72e-06,1e-08,0.253125,0.078813,0.078813,0.789,329.393,,17.675,43.745,12.822,71.924,15.357,,,,23.507,-1.43,,23.639,290.445,1.562,18.703,41.525,,44.055,,4.223,-4.797,7.435,5.739,11.251,14.281,13.47,18.942,3.542,26.032,,,0.936,31.557,,9.036,0.5,0.06,,188.808,0.478,0.057,,,,144.609,4.1e-06,4.05e-06,0.797,,0.223,0.21,-0.023,,0.006,0.038,0.021,,,,78.694,9.927,,,,0.0,0.0,,,0.253,0.0,6.8,,-10.209,,0.0,85.382,2101.013,333.594,429.247,95.653,,2.5,95.563,,107.951,15.329,62.377,-35.208,45.976,,38.899,70.331,,54.691,0.0,,,0.92,,,11.424,,1124.992,13.58,,,,,,,,,,6.82,2812.844,1074.812,1657.13,,60.0,0.0,,,,,,,,299.62,,,-450.066,,-187.899,,585.986,333.684,333.684,333.684,,,,,2.0,,,,625.0,,435.953,,,,,,,,,,292.387,160.308,190.263,225.755,262.429,559.802,1690.944,,26.414,271.225,0.522,21.939,59.429,,,,,,,-5.032,,,0.357,0.122,1.488,1.098,0.39,,23.319,,,72.645,81.324,0.579,,-2.203,295.304,0.0,140.325,140.325,14.437,0.0,190.102,1e-08,0.0075,0.0,,0.0,101.356,,0.0,60.0,0.0,,0.0,333.684,2742.402,929.635,107.102,,60.0,,,584.333,5671.593,,,28.542,1665.06,,4.957e-05,34213.0,,,,,,,,,,,,,,,,,59.802,4.394,,,,,-14.435,,0.0,,,223.815,,5.373047,,,,,0.3,5.496e-05,,,2e-06,295.304,0.235,,,1.279,0.376,5.437,4.694,14.905,,0.786,31.209,35.209,,82.34,81.42
2019-05-05,385.646,24.384,109.169,,,-13.945,571.772,,18.376,,-2.306,0.011,,1485.646,3788.365,,,,,107.683,-231.271,,,,,,,,4.3e-07,4.8e-07,1e-08,0.253125,0.078808,0.078808,0.788,49.784,,-3.303,,,,,,,,,,,-4.126,291.839,,,,,34.215,,,,,,,,,,,,,,,,,,,,,46.838,,,,,,39.549,6.7e-07,6.6e-07,-1.028,,,,,,,,,,,,,,,,,,,,,0.439,0.0,,,0.323,,,85.357,444.331,,71.879,,,6.5,19.223,,,-4.684,-144.399,2.915,-49.196,,1.558,31.46,,4.914,,,,1.184,,,,,1155.427,,,,,,,,,,230.117,6.168,3788.365,1114.215,2666.597,,,,,,,,,,,299.67,,,-96.122,,-36.041,,-98.08,52.656,52.656,52.656,,,,,,,,,,,74.132,,0.0,227.427,1139.625,1367.052,,,1200.972,0.0388,,158.676,188.561,221.022,254.252,,1597.169,212.392,,,,22.128,66.145,,,,,,,-3.009,,,0.067,0.024,0.278,0.204,0.074,,,,,75.75,82.551,-0.069,,-0.107,33.848,,36.868,36.868,25.406,,36.148,1e-08,0.0075,0.0,,,98.213,,,,,,,52.656,,916.03,102.195,,,,,564.127,1241.132,,,,370.199,,,,,,,,,,,,,,,,,,,,18.529,,,,,,-25.406,,,,,689.967,,0.593096,,,1121.768,0.0,,5.707e-05,,,1.4e-05,33.848,0.974,,,,,,,,,,,,,79.867,78.683
2019-08-04,404.337,13.065,127.137,,,-15.488,584.828,,16.708,,,0.005259,,1558.019,3869.681,,,,,120.467,,,,,,,,,4.8e-07,4.8e-07,1e-08,253.125,78.203,78.203,0.783,61.105,,,,,,,,,,,,,,283.108,,,,,38.803,,,,,,,,,,,,,,,,,,,,,,,,,,,39.214,8.000000000000001e-07,7.900000000000001e-07,,,,,,,,,,,,,,,,,,,,,,0.13,,,,,,,85.348,483.861,,83.496,,,,20.848,,,,,,,,,,,,,,,0.982,,,,,1187.728,,71.272,,,,,,,,231.679,7.356,3869.681,1186.879,2748.078,,,,60.0,,,,,,,299.719,,,,,,,,62.648,62.648,62.648,,,,,,,,,,,86.165,66.143,0.0,222.978,1148.031,1371.009,,,1208.528,0.0386,,170.283,201.593,233.052,265.375,,1602.688,143.927,,,,21.693,65.924,,,,,,,-1.251,,,0.16,0.01,,-0.132,-0.008,,,,,76.254,84.831,,,,38.283,,,,,,,1e-08,7.5,0.0,,,117.017,,,,,,,,,913.059,111.114,,,,,552.454,1370.814,,,,397.696,,,,,,,,,,,,,,,,,,,,,,,,,,-0.481,,,,,651.685,,0.635526,,,1121.603,0.0,,6.024e-05,,,0.014,38.283,0.974,,,,,,,,,,,,5.129,79.47,78.488
2019-11-03,444.279,13.182,140.789,,,-13.708,594.991,,14.0,,,0.002,,1659.245,3963.824,,,,,155.025,,,,,,,,,4.8e-07,4.8e-07,1e-08,253.125,77.612,77.612,0.777,76.493,,,,,,,,,,,,41.763,,296.157,,,,,41.763,,,,,,,,,,,,,,,,,,,,,,,,,,,38.884,9.6e-07,9.399999999999999e-07,,,,,,,,,,,,,,,,,,,,,,0.037,,,,,,,85.355,518.172,,99.327,,,,24.614,,,,,,,,,,,,,,,1.294,,,,,1258.541,,74.725,,,,,,,,215.791,8.221,3963.824,1288.91,2831.931,,,,100.0,,,,,,,299.769,,,,,,,,74.713,74.713,74.713,,,,,,,,,,,101.891,68.909,0.0,225.53,1127.403,1352.933,,,1194.061,0.0372,,174.827,207.974,240.772,273.977,,1568.724,66.826,,,,20.26,67.66,,,,,,,1.783,,,0.008,0.187,,0.005,0.097,,,,,68.973,86.461,,,,40.583,,,,,,,1e-08,7.5,0.0,,,115.288,,,,,,,,,915.74,110.131,,,,,550.774,1442.472,,,,416.281,,,,,,,,,,,,,,,,,,,,,,,,,,-0.736,,,,,0.611101,,0.610349,,,1131.893,0.0,-0.1,6.649e-05,,,0.014,40.583,0.941,,,,,,,,,,,,5.816,79.191,77.897
2020-02-02,521.235,22.501,175.003,1883.35,,-14.587,605.822,,63.59,388.194,-7.714,0.046,,1755.635,4054.042,,,2.386,,432.162,93.208,93.208,432.162,,,,,31.886,,1.92e-06,1e-08,253.125,77.137,77.137,0.772,352.548,,-3.303,76.873,12.438,103.516,14.205,,,,-0.606,-1.081,47.977,-2.557,289.613,-0.87,22.311,45.222,,47.977,,3.443,-3.277,7.546,7.543,14.35,9.86,8.44,,3.648,46.701,,,0.394,37.309,,9.544,0.5,0.06,,187.759,,,,,,156.103,4.5599999999999995e-06,4.49e-06,-1.312,-1.312,0.221,0.21,-0.018,0.003,0.002,0.029,0.007,0.007,,,83.444,13.793,,,,,,,,0.007,0.0,,,-1.755,,0.0,85.343,2139.092,353.215,457.021,103.806,,,100.959,,113.344,5.034,-11.051,0.735,13.259,,-0.64,-24.219,-226.257,3.189,,3.189,,1.117,,-8.853,12.682,,1100.544,13.424,396.901,,,,,,,,215.234,6.462,4054.042,1609.555,2818.182,,,0.0,,,299.818,,,,,,,,-327.226,,-185.548,,607.294,356.062,356.062,356.062,1200.0,,,,,,,,614.0,,465.874,267.883,,227.923,1094.579,1322.502,1.765,,1166.383,0.038,,178.65,212.629,246.588,281.995,,1537.736,,,,,20.766,69.666,,0.163,0.195,0.343,0.261,,-3.334,,-3.514,0.343,0.261,,0.163,0.195,,30.534,,,73.462,86.389,0.026,,-0.728,148.834,0.0,150.64,,27.752,,186.276,1e-08,7.5,0.0,,,90.426,,,100.0,,,,356.062,2812.388,929.038,111.737,,100.0,0.0,,644.794,5898.008,,,27.0,1673.218,,5.818e-05,65.403,0.105436,,,,,,,,,,,,,,,,64.163,,,,,,-27.752,,0.0,,,574.982,,2.341931,,,1235.86,,6.0,6.355e-05,,,0.014,148.834,0.941,,,0.308,0.0,7.251,3.438,1.405,,3.106,32.421,36.638,129.018,79.225,78.108
2020-05-03,423.375,24.049,137.495,,,-19.351,596.184,,19.608,,-1.405,0.008,,2149.044,4418.115,,,,,861.002,428.84,428.84,861.002,,,,,,,4.8e-07,1e-08,253.125,77.759,77.759,0.778,30.659,,,,,,,,,,,,33.32,-2.585,299.353,,,,,33.32,,,,,,,,,,,,,,,,,,,,,46.224,,,,,,38.286,4.6000000000000004e-07,4.5000000000000003e-07,-2.474,,,,,,,,,,,,,,,,,,,,,0.702,0.0,,,-16.185,,,85.335,414.26,,46.486,,,,11.063,,,-8.95,-92.871,6.24,-29.05,,9.96,-28.513,,0.215,,,,1.137,,,,,1070.681,,,,,,,,,,,7.099,4418.115,1682.094,3199.186,,,500.0,487.823,,0.0,,,,,299.868,,,419.52,,-42.079,,53.873,35.423,35.423,35.423,,,,,,,,,,,48.645,,3.795,224.541,1109.473,,,,1175.402,,,,,,,,,,,,,22.099,67.795,,0.549,0.196,0.037,0.013,,-5.276,,-4.764,0.037,0.013,0.745,0.549,0.196,,,,,85.458,81.497,-0.129,,-0.242,0.0,,39.391,,28.912,,42.321,1e-08,0.0075,0.0,0.0,,90.433,,,487.823,,,,35.423,,907.219,104.829,,,0.0,,641.917,1235.203,,,,365.615,,,,,,,,,,,,,,,,,,,,19.703,,,,,,-28.912,,0.0,,,574.982,,0.0,,,1218.929,11.825,,,,,0.008,,0.599,,,,,,,,,,,,,78.399,77.262
2020-08-02,373.086,28.502,158.407,,,-12.921,608.892,,13.385,,,0.002,,2255.43,4487.296,,,,,947.76,,,947.76,,,,,,,4.8e-07,1e-08,253.125,77.796,77.796,0.778,140.994,,,,,,,,,,,,37.789,,292.684,,,,,37.789,,,,,,,,,,,,,,,,,,,,,,,,,,,39.709,1.73e-06,1.7e-06,,,,,,,,,,,,,,,,,,,,,,0.285,0.0,,,,,,85.419,551.202,,178.897,,,,44.333,,,,,,,,,,,,,,,1.481,,-6.464,,,1042.34,,,,,,,,,,,11.335,4487.296,1664.163,3154.374,,,499.495,487.823,,0.0,,,,,298.995,,,,,,,,134.564,134.564,134.564,,,,,,,,,,,185.361,,1.666,221.575,1080.622,,,,1146.229,,,,,,,,,,,,,27.098,75.028,,-0.2,-0.071,0.107,0.038,,6.737,,6.43,0.107,0.038,,-0.2,0.071,,,,,102.086,85.91,,,,,,,,,,,1e-08,7.5,0.0,0.0,,109.495,,,,,,,,,887.401,128.737,,,,,736.772,1490.777,,,,365.841,,,,,,,,,,,,,,,,,,,,,,,,,,-0.677,,,,,,,0.0,,,1332.922,4.689,,,,,0.008,,0.599,,,,,,,,,,,,,79.264,77.783
2020-11-01,562.294,36.037,194.985,,,-13.843,623.379,,21.095,,,0.0002,,2136.957,4310.679,,,,,773.17,,,773.17,,,,,,,5.3e-07,1e-08,253.125,76.697,76.697,0.768,200.85,,,,,,,,,,,,42.185,,,,,,,,,,,,,,,,,,,,,,,,,,,,,,,,,,42.951,2.6e-06,2.5400000000000002e-06,,,,,,,,,,,,,,,,,,,,,,0.046,0.0,,,,,,85.402,705.583,,269.26,,,,67.488,,,,,,,,,,,,,,,1.845,,-5.344,,,1125.475,,,,,,,,,,,9.075,4310.679,1460.126,2908.777,,,,,,0.0,,,,,299.173,,,,,,,,201.772,201.772,201.772,,,,,,,,,,,274.604,,0.0,217.448,1027.142,,,,1091.649,,,,,,,,,,,,,23.556,85.394,,0.054,0.021,0.231,0.085,,-0.745,,-0.922,0.231,0.085,,0.054,0.021,,,,,99.691,100.478,,,,109.048,,,,,,,1e-08,7.5,0.0,0.0,,84.974,,,,,,,,,869.092,129.782,,,,,792.196,1764.536,,,,430.979,,,,,,,,,,,,,,,,,,,,,,,,,,-0.966,,,,,465.934,,1.119335,,,1401.902,0.0,,9.742e-05,,,0.008,109.048,0.598,,,,,,,,,,,,,79.332,77.487
2021-01-31,542.992,69.476,267.592,1953.975,,-7.117,638.375,,72.186,326.0,-5.783,0.009,,2467.08,4661.424,,,0.753,,1200.337,,768.175,1200.337,,,,,36.011,,2.02e-06,1e-08,253.125,76.34,76.34,0.764,688.184,373.164,,171.821,15.494,226.813,39.498,,,,-7.575,0.511,61.854,-13.061,,-5.997,20.631,58.741,,,,2.609,-0.317,7.46,8.647,20.852,9.926,13.451,,2.819,31.672,,0.317,,54.724,,10.0,0.5,0.06,,188.655,,,,,,163.316,8.81e-06,8.609999999999999e-06,5.23,5.23,0.239,0.21,-0.011,-0.002,-0.002,0.039,0.002,0.002,,,101.451,15.7,,,,,,,,0.979,0.0,,,-32.365,,0.0,85.446,2636.269,773.317,894.466,121.149,,,213.752,,162.842,31.503,25.489,46.933,129.142,,82.841,-99.144,-232.989,16.388,,16.388,,1.795,,-16.231,18.346,,1006.299,9.827,370.603,,,,,,,,192.618,3.843,4661.424,1848.0,3010.239,,,0.0,0.0,,299.35,,,,,0.0,,,-343.019,,-168.884,,1274.848,680.714,680.714,680.714,,,,,,,,,,,910.697,263.126,7.9,209.754,1025.057,1234.811,1.5,,1086.009,0.036,,172.068,198.107,234.946,267.76,,1427.429,,,,,22.894,87.141,,-0.315,-0.113,0.41,0.149,,8.195,,7.47,0.41,0.149,,-0.315,-0.113,,34.988,,,85.672,116.57,0.264,,-0.629,150.0,3.645,157.645,,31.729,,169.513,1e-08,7.5,0.0,0.0,,93.822,,,487.823,,,,680.714,2827.869,873.894,143.728,,487.823,0.0,,1019.762,6783.189,135.457,,24.336,1725.572,,5.951e-05,74.853,0.170308,,,,,,,,,,,,,,,,73.185,,,,,,-31.729,,0.0,,,424.982,,1.4961,,,1651.185,19.2,,0.00010026,,,0.008,150.0,0.599,,0.0,0.437,0.0,8.225,4.593,0.848,,2.946,34.026,38.696,107.477,79.055,77.26
2021-05-02,574.876,93.282,174.139,,,-3.929,556.305,,25.471,,-1.108,0.012,,1948.996,4110.24,,,,,639.67,,-560.667,639.67,,,,,,,5.9e-07,1e-08,253.125,75.235,75.235,0.753,230.99,389.64,,,,,,,,,,,57.499,-3.981,,,,,,,,,,,,,,,,,,,,,,,,,,,47.922,,,,,,46.37,3.01e-06,2.8999999999999998e-06,2.275,2.275,,,,,,,,,,,,,,,,,,,,-1.677,,,,-0.195,,,,752.853,,273.305,,,,45.503,,,-1.522,27.91,22.917,-90.883,,16.174,79.726,-53.633,-34.562,,-34.562,,2.685,,-1.872,,,1087.528,,,,,,,,,,,5.836,4110.24,1519.273,2662.944,,,,0.0,,0.0,,,,,0.0,,,-759.556,,-42.267,,238.881,227.802,227.802,227.802,,,,,,,,,,,275.177,,0.0,208.739,999.288,,,52.955,1054.746,,,,,,,,,,,,,20.502,88.18,,-0.665,-0.241,-0.153,-0.055,,3.7,,3.188,,,,,,,,,,78.597,124.878,0.223,,-0.093,315.529,,45.576,,98.451,,42.36,1e-08,7.5,0.0,0.0,,58.837,,,0.0,,,,227.802,,875.384,142.459,-0.153,,300.0,,894.878,1749.029,,,,477.676,,,,,,,,,,,,,,,,,,,,26.33,,,,,,-98.451,,0.0,,,703.833,,1.790725,,,1447.296,0.0,,0.0001762,,,0.004,315.529,0.711,,,,,,,,,,,,,78.485,75.8
2021-08-01,601.879,61.335,224.089,,,-7.049,569.734,,19.496,,,0.008,,2073.71,4245.037,,,,,655.211,,,655.211,,,,,,,5.9e-07,1e-08,253.125,74.426,74.426,0.745,242.95,403.409,,,,,,,,,,,58.848,,,,,,,,,,,,,,,,,,,,,,,,,,,,,,,,,,45.455,3.29e-06,3.2099999999999998e-06,,,,,,,,,,,,,,,,,,,,,0.0,-1.124,,,,,,,85.421,858.388,,323.139,,,,77.069,,,,,,,,,,,,,,,1.798,,0.039,,,1170.561,,,,,,,,,,,8.404,4245.037,1578.827,2718.318,,,,0.0,,0.0,,,,,0.0,,,,,,,,246.07,246.07,246.07,,,,,,,,,,,323.1,,0.0,213.784,994.165,,,,1052.617,,,,,,,,,,,,,20.537,99.146,,0.065,0.025,-0.337,-0.126,,-3.522,,-3.12,,,,,,,,,,74.331,126.967,,,,135.9,,,,,,,1e-08,7.5,0.0,0.0,,85.587,,,,,,,,,875.295,141.814,,,,,964.0,1948.339,,,,535.288,,,,,,,,,,,,,,,,,,,,,,,,,,-1.709,,,,,567.974,,0.834294,,,1526.719,0.0,,0.00016284,0.004,0.711,0.004,135.859,0.711,,0.0,,,,,,,,,,,76.584,74.786
2021-10-31,638.371,38.32,273.722,,,-5.942,585.449,,23.958,,,0.0005,,2176.722,4477.324,,,,,656.898,,,656.898,,,,,,,7.1e-07,1e-08,253.125,73.326,73.326,0.734,250.631,431.446,,,,,,,,,,,61.768,,,,,,,,,,,,,,,,,,,,,,,,,,,,,,,,,,54.305,3.37e-06,3.29e-06,,,,,,,,,,,,,,,,,,,,,0.0,-0.696,,,,,,,85.392,895.485,,330.146,,,,80.622,,,,,,,,,,,,,,,1.933,,-0.121,,,1272.028,,,,,,,,,,,7.542,4477.324,1691.625,2933.954,,,,,,0.0,,,,,0.0,,,,,,,,249.524,249.524,249.524,,,,,,,,,,,330.267,,0.0,218.348,1095.29,,,,1159.315,,,,,,,,,,,,,22.852,101.901,,-0.054,-0.019,-0.369,-0.131,,0.792,,1.107,,,,,,,,,,91.418,129.771,,,,201.3,,,,,,,1e-08,7.5,0.0,0.0,,85.433,,,,,,,,,892.226,139.511,,,,,963.84,2047.539,,,,565.218,,,,,,,,,,,,,,,,,,,,,,,,,,-2.322,,,,,1057.485,,1.119748,,,1543.37,0.0,,0.00017978,0.004,0.711,0.004,201.311,0.711,,0.0,,,,,,,,,,,75.943,74.01
2022-01-30,612.512,79.554,319.924,2062.335,,-10.828,600.942,,93.459,618.5,,0.006,0.0,2323.894,4625.62,,,0.267,,850.338,,-349.999,850.338,,,,,46.3,,2.6e-06,1e-08,253.125,71.982,71.982,0.72,1122.626,447.77,,234.638,26.685,322.379,61.056,,,,5.896,-2.62,56.585,2.535,,-0.741,23.513,55.266,,,,2.552,0.057,7.362,10.476,27.069,11.879,17.919,,2.76,,,,,76.643,,11.3,0.5,0.06,0.75,196.087,,,,,,199.395,1.517e-05,1.475e-05,,-2.914,0.224,0.21,-0.006,-0.029,-0.004,0.041,,0.002,,,137.024,36.4,,,,,,,0.0,0.079,,,,-1.015,,0.0,85.354,3631.963,1280.438,1451.251,170.813,,,324.914,,306.158,-11.896,56.674,10.157,49.46,,75.46,239.981,-224.567,,,2.06,,2.082,,-1.865,3.09,,1246.372,14.0,384.708,407.012,269.238,148.787,182.308,207.8,237.377,1452.522,168.274,4.429,4625.62,1771.686,2961.413,,,,,,0.0,,,,,,,,-1491.985,,-226.247,,1371.147,1126.337,1126.337,1126.337,,,1.0,,,,,,,,1453.116,256.924,,217.409,1066.839,1284.248,2.1,,1132.764,0.032,,,,,,,,,,,,26.249,106.25,,-0.247,-0.091,-1.024,-0.371,,-4.488,,-3.711,,,,,,,42.3,,,94.517,106.528,-0.288,,-0.27,899.433,0.778,187.539,,104.235,,226.517,1e-08,7.5,0.0,0.0,,69.252,,,0.0,,,,1126.337,2983.108,920.773,131.683,,0.0,300.0,,1074.084,8245.936,268.143,,25.5,2178.847,,0.00017246,234.293,,,,,,,,,,,,,,,,,95.24,,,,,,-104.235,,0.0,,,810.751,,5.102624,,,1664.207,,,0.00017627000000000002,0.004,0.711,0.004,899.433,0.711,,0.0,0.082,0.0,5.7,8.573,1.738,,15.313,28.09,33.612,127.784,76.354,74.272
2022-05-01,642.619,126.27,183.729,,,-12.267,532.205,,28.339,,,,,1928.852,4210.713,,,,,324.835,,-525.503,324.835,,,,,,,7.8e-07,1e-08,253.125,69.219,69.219,0.693,252.674,490.821,,,,,,,,,,,48.737,-2.725,,,,,,,,,,,,,,,,,,,,,,,,,,,50.251,,,,,,55.893,3.59e-06,3.5e-06,,-1.189,,,,,,,,,,,,,,,,,,,0.0,,,,,-0.159,,,85.298,828.548,,323.644,,,,69.531,,,-8.741,25.559,46.757,-139.883,,42.924,149.47,-58.025,,,-13.517,,1.801,,0.163,,,1396.135,,,,,,,,,,,6.5,4210.713,1743.64,2900.969,,,,,,,,,,,,,,-637.733,,-71.1,,184.519,254.113,254.113,254.113,,,,,,1.0,,,,,323.481,,0.0,211.614,1038.249,,,54.338,1102.056,,,,,,,,,,,,,23.939,103.31,,0.093,0.033,0.018,0.006,,-1.514,,-1.439,,,,,,,,,,88.587,119.08,0.801,,-0.086,501.075,,58.15,,78.508,,71.186,1e-08,7.5,0.0,0.0,,60.997,,,,,,,254.113,,942.46,122.946,0.018,,0.0,,789.852,1891.227,,,,505.067,,,,,,,,,,,,,,,,,,,,28.542,,,,,,-78.508,,0.0,,,1100.0,,3.379731,,,1309.744,0.0,,0.00014826,0.001,0.739,0.001,501.075,0.739,,0.0,,,,,,,,,,,72.652,70.851
2022-07-31,680.097,87.159,244.559,,,-13.631,541.895,,22.976,,,,,1928.721,4319.174,,,,,124.944,,,124.944,,,,,,,7.8e-07,1e-08,253.125,67.057,67.057,0.671,265.711,498.354,,,,,,,,,,,52.897,,,,,,,,,,,,,,,,,,,,,,,,,,,,,,,,,,54.036,3.92e-06,3.87e-06,,,,,,,,,,,,,,,,,,,,,0.0,,,,,,,,85.269,928.809,,365.865,,,,98.79,,,,,,,,,,,,,,,0.901,,0.344,,,1542.428,,,,,,,,,,,6.4,4319.174,1811.045,3040.895,,,,,,,,,,,,,,,,,,,267.075,267.075,267.075,,,,,,,,,,,365.521,,2.6,206.931,1115.501,,,,1174.354,,,,,,,,,,,,,25.537,104.257,,0.026,0.009,0.005,0.002,,-1.385,,-1.364,,,,,,,,,,93.945,99.624,,,,265.3,,,,,,,1e-08,7.5,0.0,0.0,,102.312,,,,,,,,,973.676,133.5,,,,,750.083,2137.537,,,,563.288,,,,,,,,,,,,,,,,,,,,,,,,,,-0.767,,,,,803.6,,2.188037,,,1278.279,2.6,,0.00012127,0.001,0.739,,265.349,,,0.0,,,,,,,,,,,69.081,68.18
2022-10-30,720.856,45.879,275.381,,,-17.848,553.698,,15.969,,,,,2060.732,4594.007,,,,,113.058,,,113.058,,,,,,,7.8e-07,1e-08,253.125,66.556,66.556,0.666,247.506,488.771,,,,,,,,,,,54.247,,,,,,,,,,,,,,,,,,,,,,,,,,,,,,,,,,53.133,3.77e-06,3.7200000000000004e-06,,,,,,,,,,,,,,,,,,,,,0.0,,,,,,,,85.245,910.526,,340.003,,,,88.28,,,,,,,,,,,,,,,0.913,,0.37,,,1687.895,,,,,,,,,,,3.4,4594.007,1854.72,3181.073,,,,,,,,,,,,,,,,,,,251.723,251.723,251.723,,,,,,,,,,,339.633,,,220.012,1208.074,,,,1277.064,,,,,,,,,,,,,29.729,107.631,,1.069,0.378,0.128,0.045,,-5.158,,-4.217,,,,,,,,,,103.821,104.361,,,,74.6,,,,,,,1e-08,7.5,0.0,0.0,,104.208,,,,,,,,,1009.088,125.842,,,,,877.157,2192.574,,,,570.893,,,,,,,,,,,,,,,,,,,,,,,,,,-1.156,,,,,729.0,,0.51394,,,1412.934,0.0,,0.00014502000000000002,0.001,0.739,,74.531,,,0.0,,,,,,,,,,,67.617,66.704
2023-01-29,508.321,61.204,247.594,2154.009,,-13.809,573.117,,89.578,581.1,,,,2036.08,4663.016,,,6.633,,367.344,,-482.994,367.344,,,,,38.4,,3.12e-06,1e-08,253.125,66.226,66.226,0.663,1124.923,479.229,,299.015,26.466,396.601,71.12,,,,-17.293,-3.238,81.389,-23.823,,-3.292,32.338,78.988,,,,2.446,,8.084,9.605,18.96,14.308,22.356,,2.635,,,4.756,,65.039,,11.4,0.5,0.06,0.75,214.153,,,,,,216.329,1.6579999999999997e-05,1.632e-05,,-3.188,0.248,0.21,-0.007,-0.017,0.004,0.042,,0.002,,,121.6,24.8,,,,,,,0.0,0.9,,,,-25.116,,,77.307,3677.733,1331.492,1500.682,169.19,,,372.778,,400.776,-15.687,-113.521,-18.231,-61.995,,31.839,208.908,-242.855,,,11.823,,1.079,,2.26,0.788,,1456.123,24.7,413.241,457.271,308.272,173.054,209.178,244.068,275.043,1666.886,223.228,0.5,4663.016,1636.451,2961.965,,,,,,,,,,,,,,-1178.673,,-353.955,,1052.822,1127.904,1127.904,1127.904,,,,1.0,,,,,,,1498.422,275.086,2.6,231.965,1211.693,1443.658,2.3,,1286.452,0.034,,,,,,,,,,,,31.967,116.407,,0.932,0.329,0.341,0.121,,-3.572,,-2.981,,,,,,,38.8,,,108.138,113.821,-0.68,,-0.162,880.038,0.0,217.345,,81.29,,354.117,1e-08,7.5,0.0,0.0,,64.961,,,0.0,,,,1127.904,3219.39,1065.381,115.685,,0.0,0.0,,1141.819,8674.417,389.494,,26.8,2179.311,,0.00015775,180.45,,,,,,,,,,,,,,,,,90.268,,,,,,-81.29,,0.0,1500.0,,690.0,,6.423643,,,1701.051,,,0.000137,0.001,0.739,,880.038,0.7,,0.0,2.237,,6.1,8.169,0.807,,3.283,31.0,37.068,138.155,69.1,68.021
2023-04-30,629.561,87.68,205.175,,,-16.258,531.94,,23.282,,,,,1898.826,4471.037,,,,,297.291,,-70.053,297.291,,,,,,,9.000000000000001e-07,1e-08,253.125,64.222,64.222,0.643,154.082,452.505,,,,,,,,,,,70.758,-1.656,,,,,,,,,,,,,,,,,,,,,,,,,,,55.602,,,,,,59.671,2.38e-06,2.35e-06,,-0.271,,,,,,,,,,,,,,,,,,2.4,0.0,,,,,-10.374,,,77.33,675.059,,204.975,,,,48.444,,,-6.256,118.525,26.478,-92.858,,-26.315,-52.819,-68.497,,,-6.668,,0.847,,5.498,,,1401.616,,,,,,,,,,,0.7,4471.037,1701.816,3004.212,,,,,,,,,,,,,,-362.427,,-49.881,,342.526,156.531,156.531,156.531,,,,,,1.0,,,,,199.477,,3.9,229.751,1186.231,,,64.173,1258.599,,,,,,,,,,,,,27.993,115.498,,0.242,0.086,0.486,0.172,,-2.205,,-2.449,,,,,,,,,,97.144,116.165,0.822,,-0.148,300.0,,58.079,,4.348,,50.029,1e-08,7.5,0.0,0.0,,62.723,,,,,,,156.531,,1050.026,109.203,,,,,951.926,1755.451,,,,475.582,,,,,,,,,,,,,,,,,,,,23.446,,,,,,-49.518,,0.0,,,700.0,,2.510718,,,1466.825,,,0.00011949,0.006,1.426,,302.401,,,0.0,,,,,,,,,,,66.696,65.849
